driverId,driverRef,number,code,forename,surname,dob,nationality,url,fileName
1,hamilton,44,HAM,Lewis,Hamilton,1985-01-07,British,http://en.wikipedia.org/wiki/Lewis_Hamilton,drivers.csv
2,heidfeld,\N,HEI,Nick,Heidfeld,1977-05-10,German,http://en.wikipedia.org/wiki/Nick_Heidfeld,drivers.csv
3,rosberg,6,ROS,Nico,Rosberg,1985-06-27,German,http://en.wikipedia.org/wiki/Nico_Rosberg,drivers.csv
4,alonso,14,ALO,Fernando,Alonso,1981-07-29,Spanish,http://en.wikipedia.org/wiki/Fernando_Alonso,drivers.csv
5,kovalainen,\N,KOV,Heikki,Kovalainen,1981-10-19,Finnish,http://en.wikipedia.org/wiki/Heikki_Kovalainen,drivers.csv
6,nakajima,\N,NAK,Kazuki,Nakajima,1985-01-11,Japanese,http://en.wikipedia.org/wiki/Kazuki_Nakajima,drivers.csv
7,bourdais,\N,BOU,Sébastien,Bourdais,1979-02-28,French,http://en.wikipedia.org/wiki/S%C3%A9bastien_Bourdais,drivers.csv
8,raikkonen,7,RAI,Kimi,Räikkönen,1979-10-17,Finnish,http://en.wikipedia.org/wiki/Kimi_R%C3%A4ikk%C3%B6nen,drivers.csv
9,kubica,88,KUB,Robert,Kubica,1984-12-07,Polish,http://en.wikipedia.org/wiki/Robert_Kubica,drivers.csv
10,glock,\N,GLO,Timo,Glock,1982-03-18,German,http://en.wikipedia.org/wiki/Timo_Glock,drivers.csv
11,sato,\N,SAT,Takuma,Sato,1977-01-28,Japanese,http://en.wikipedia.org/wiki/Takuma_Sato,drivers.csv
12,piquet_jr,\N,PIQ,Nelson,Piquet Jr.,1985-07-25,Brazilian,"http://en.wikipedia.org/wiki/Nelson_Piquet,_Jr.",drivers.csv
13,massa,19,MAS,Felipe,Massa,1981-04-25,Brazilian,http://en.wikipedia.org/wiki/Felipe_Massa,drivers.csv
14,coulthard,\N,COU,David,Coulthard,1971-03-27,British,http://en.wikipedia.org/wiki/David_Coulthard,drivers.csv
15,trulli,\N,TRU,Jarno,Trulli,1974-07-13,Italian,http://en.wikipedia.org/wiki/Jarno_Trulli,drivers.csv
16,sutil,99,SUT,Adrian,Sutil,1983-01-11,German,http://en.wikipedia.org/wiki/Adrian_Sutil,drivers.csv
17,webber,\N,WEB,Mark,Webber,1976-08-27,Australian,http://en.wikipedia.org/wiki/Mark_Webber_(racing_driver),drivers.csv
18,button,22,BUT,Jenson,Button,1980-01-19,British,http://en.wikipedia.org/wiki/Jenson_Button,drivers.csv
19,davidson,\N,DAV,Anthony,Davidson,1979-04-18,British,http://en.wikipedia.org/wiki/Anthony_Davidson,drivers.csv
20,vettel,5,VET,Sebastian,Vettel,1987-07-03,German,http://en.wikipedia.org/wiki/Sebastian_Vettel,drivers.csv
21,fisichella,\N,FIS,Giancarlo,Fisichella,1973-01-14,Italian,http://en.wikipedia.org/wiki/Giancarlo_Fisichella,drivers.csv
22,barrichello,\N,BAR,Rubens,Barrichello,1972-05-23,Brazilian,http://en.wikipedia.org/wiki/Rubens_Barrichello,drivers.csv
23,ralf_schumacher,\N,SCH,Ralf,Schumacher,1975-06-30,German,http://en.wikipedia.org/wiki/Ralf_Schumacher,drivers.csv
24,liuzzi,\N,LIU,Vitantonio,Liuzzi,1980-08-06,Italian,http://en.wikipedia.org/wiki/Vitantonio_Liuzzi,drivers.csv
25,wurz,\N,WUR,Alexander,Wurz,1974-02-15,Austrian,http://en.wikipedia.org/wiki/Alexander_Wurz,drivers.csv
26,speed,\N,SPE,Scott,Speed,1983-01-24,American,http://en.wikipedia.org/wiki/Scott_Speed,drivers.csv
27,albers,\N,ALB,Christijan,Albers,1979-04-16,Dutch,http://en.wikipedia.org/wiki/Christijan_Albers,drivers.csv
28,markus_winkelhock,\N,WIN,Markus,Winkelhock,1980-06-13,German,http://en.wikipedia.org/wiki/Markus_Winkelhock,drivers.csv
29,yamamoto,\N,YAM,Sakon,Yamamoto,1982-07-09,Japanese,http://en.wikipedia.org/wiki/Sakon_Yamamoto,drivers.csv
30,michael_schumacher,\N,MSC,Michael,Schumacher,1969-01-03,German,http://en.wikipedia.org/wiki/Michael_Schumacher,drivers.csv
31,montoya,\N,MON,Juan,Pablo Montoya,1975-09-20,Colombian,http://en.wikipedia.org/wiki/Juan_Pablo_Montoya,drivers.csv
32,klien,\N,KLI,Christian,Klien,1983-02-07,Austrian,http://en.wikipedia.org/wiki/Christian_Klien,drivers.csv
33,monteiro,\N,TMO,Tiago,Monteiro,1976-07-24,Portuguese,http://en.wikipedia.org/wiki/Tiago_Monteiro,drivers.csv
34,ide,\N,IDE,Yuji,Ide,1975-01-21,Japanese,http://en.wikipedia.org/wiki/Yuji_Ide,drivers.csv
35,villeneuve,\N,VIL,Jacques,Villeneuve,1971-04-09,Canadian,http://en.wikipedia.org/wiki/Jacques_Villeneuve,drivers.csv
36,montagny,\N,FMO,Franck,Montagny,1978-01-05,French,http://en.wikipedia.org/wiki/Franck_Montagny,drivers.csv
37,rosa,\N,DLR,Pedro,de la Rosa,1971-02-24,Spanish,http://en.wikipedia.org/wiki/Pedro_de_la_Rosa,drivers.csv
38,doornbos,\N,DOO,Robert,Doornbos,1981-09-23,Dutch,http://en.wikipedia.org/wiki/Robert_Doornbos,drivers.csv
39,karthikeyan,\N,KAR,Narain,Karthikeyan,1977-01-14,Indian,http://en.wikipedia.org/wiki/Narain_Karthikeyan,drivers.csv
40,friesacher,\N,FRI,Patrick,Friesacher,1980-09-26,Austrian,http://en.wikipedia.org/wiki/Patrick_Friesacher,drivers.csv
41,zonta,\N,ZON,Ricardo,Zonta,1976-03-23,Brazilian,http://en.wikipedia.org/wiki/Ricardo_Zonta,drivers.csv
42,pizzonia,\N,PIZ,Antônio,Pizzonia,1980-09-11,Brazilian,http://en.wikipedia.org/wiki/Ant%C3%B4nio_Pizzonia,drivers.csv
43,matta,\N,\N,Cristiano,da Matta,1973-09-19,Brazilian,http://en.wikipedia.org/wiki/Cristiano_da_Matta,drivers.csv
44,panis,\N,\N,Olivier,Panis,1966-09-02,French,http://en.wikipedia.org/wiki/Olivier_Panis,drivers.csv
45,pantano,\N,\N,Giorgio,Pantano,1979-02-04,Italian,http://en.wikipedia.org/wiki/Giorgio_Pantano,drivers.csv
46,bruni,\N,\N,Gianmaria,Bruni,1981-05-30,Italian,http://en.wikipedia.org/wiki/Gianmaria_Bruni,drivers.csv
47,baumgartner,\N,\N,Zsolt,Baumgartner,1981-01-01,Hungarian,http://en.wikipedia.org/wiki/Zsolt_Baumgartner,drivers.csv
48,gene,\N,\N,Marc,Gené,1974-03-29,Spanish,http://en.wikipedia.org/wiki/Marc_Gen%C3%A9,drivers.csv
49,frentzen,\N,\N,Heinz-Harald,Frentzen,1967-05-18,German,http://en.wikipedia.org/wiki/Heinz-Harald_Frentzen,drivers.csv
50,verstappen,\N,\N,Jos,Verstappen,1972-03-04,Dutch,http://en.wikipedia.org/wiki/Jos_Verstappen,drivers.csv
51,wilson,\N,\N,Justin,Wilson,1978-07-31,British,http://en.wikipedia.org/wiki/Justin_Wilson_(racing_driver),drivers.csv
52,firman,\N,\N,Ralph,Firman,1975-05-20,Irish,http://en.wikipedia.org/wiki/Ralph_Firman,drivers.csv
53,kiesa,\N,\N,Nicolas,Kiesa,1978-03-03,Danish,http://en.wikipedia.org/wiki/Nicolas_Kiesa,drivers.csv
54,burti,\N,\N,Luciano,Burti,1975-03-05,Brazilian,http://en.wikipedia.org/wiki/Luciano_Burti,drivers.csv
55,alesi,\N,\N,Jean,Alesi,1964-06-11,French,http://en.wikipedia.org/wiki/Jean_Alesi,drivers.csv
56,irvine,\N,\N,Eddie,Irvine,1965-11-10,British,http://en.wikipedia.org/wiki/Eddie_Irvine,drivers.csv
57,hakkinen,\N,\N,Mika,Häkkinen,1968-09-28,Finnish,http://en.wikipedia.org/wiki/Mika_H%C3%A4kkinen,drivers.csv
58,marques,\N,\N,Tarso,Marques,1976-01-19,Brazilian,http://en.wikipedia.org/wiki/Tarso_Marques,drivers.csv
59,bernoldi,\N,\N,Enrique,Bernoldi,1978-10-19,Brazilian,http://en.wikipedia.org/wiki/Enrique_Bernoldi,drivers.csv
60,mazzacane,\N,\N,Gastón,Mazzacane,1975-05-08,Argentine,http://en.wikipedia.org/wiki/Gast%C3%B3n_Mazzacane,drivers.csv
61,enge,\N,\N,Tomáš,Enge,1976-09-11,Czech,http://en.wikipedia.org/wiki/Tom%C3%A1%C5%A1_Enge,drivers.csv
62,yoong,\N,\N,Alex,Yoong,1976-07-20,Malaysian,http://en.wikipedia.org/wiki/Alex_Yoong,drivers.csv
63,salo,\N,\N,Mika,Salo,1966-11-30,Finnish,http://en.wikipedia.org/wiki/Mika_Salo,drivers.csv
64,diniz,\N,\N,Pedro,Diniz,1970-05-22,Brazilian,http://en.wikipedia.org/wiki/Pedro_Diniz,drivers.csv
65,herbert,\N,\N,Johnny,Herbert,1964-06-25,British,http://en.wikipedia.org/wiki/Johnny_Herbert,drivers.csv
66,mcnish,\N,\N,Allan,McNish,1969-12-29,British,http://en.wikipedia.org/wiki/Allan_McNish,drivers.csv
67,buemi,\N,BUE,Sébastien,Buemi,1988-10-31,Swiss,http://en.wikipedia.org/wiki/S%C3%A9bastien_Buemi,drivers.csv
68,takagi,\N,\N,Toranosuke,Takagi,1974-02-12,Japanese,http://en.wikipedia.org/wiki/Toranosuke_Takagi,drivers.csv
69,badoer,\N,BAD,Luca,Badoer,1971-01-25,Italian,http://en.wikipedia.org/wiki/Luca_Badoer,drivers.csv
70,zanardi,\N,\N,Alessandro,Zanardi,1966-10-23,Italian,http://en.wikipedia.org/wiki/Alex_Zanardi,drivers.csv
71,damon_hill,\N,\N,Damon,Hill,1960-09-17,British,http://en.wikipedia.org/wiki/Damon_Hill,drivers.csv
72,sarrazin,\N,\N,Stéphane,Sarrazin,1975-11-02,French,http://en.wikipedia.org/wiki/St%C3%A9phane_Sarrazin,drivers.csv
73,rosset,\N,\N,Ricardo,Rosset,1968-07-27,Brazilian,http://en.wikipedia.org/wiki/Ricardo_Rosset,drivers.csv
74,tuero,\N,\N,Esteban,Tuero,1978-04-22,Argentine,http://en.wikipedia.org/wiki/Esteban_Tuero,drivers.csv
75,nakano,\N,\N,Shinji,Nakano,1971-04-01,Japanese,http://en.wikipedia.org/wiki/Shinji_Nakano,drivers.csv
76,magnussen,\N,MAG,Jan,Magnussen,1973-07-04,Danish,http://en.wikipedia.org/wiki/Jan_Magnussen,drivers.csv
77,berger,\N,\N,Gerhard,Berger,1959-08-27,Austrian,http://en.wikipedia.org/wiki/Gerhard_Berger,drivers.csv
78,larini,\N,\N,Nicola,Larini,1964-03-19,Italian,http://en.wikipedia.org/wiki/Nicola_Larini,drivers.csv
79,katayama,\N,\N,Ukyo,Katayama,1963-05-29,Japanese,http://en.wikipedia.org/wiki/Ukyo_Katayama,drivers.csv
80,sospiri,\N,\N,Vincenzo,Sospiri,1966-10-07,Italian,http://en.wikipedia.org/wiki/Vincenzo_Sospiri,drivers.csv
81,morbidelli,\N,\N,Gianni,Morbidelli,1968-01-13,Italian,http://en.wikipedia.org/wiki/Gianni_Morbidelli,drivers.csv
82,fontana,\N,\N,Norberto,Fontana,1975-01-20,Argentine,http://en.wikipedia.org/wiki/Norberto_Fontana,drivers.csv
83,lamy,\N,\N,Pedro,Lamy,1972-03-20,Portuguese,http://en.wikipedia.org/wiki/Pedro_Lamy,drivers.csv
84,brundle,\N,\N,Martin,Brundle,1959-06-01,British,http://en.wikipedia.org/wiki/Martin_Brundle,drivers.csv
85,montermini,\N,\N,Andrea,Montermini,1964-05-30,Italian,http://en.wikipedia.org/wiki/Andrea_Montermini,drivers.csv
86,lavaggi,\N,\N,Giovanni,Lavaggi,1958-02-18,Italian,http://en.wikipedia.org/wiki/Giovanni_Lavaggi,drivers.csv
87,blundell,\N,\N,Mark,Blundell,1966-04-08,British,http://en.wikipedia.org/wiki/Mark_Blundell,drivers.csv
88,suzuki,\N,\N,Aguri,Suzuki,1960-09-08,Japanese,http://en.wikipedia.org/wiki/Aguri_Suzuki,drivers.csv
89,inoue,\N,\N,Taki,Inoue,1963-09-05,Japanese,http://en.wikipedia.org/wiki/Taki_Inoue,drivers.csv
90,moreno,\N,\N,Roberto,Moreno,1959-02-11,Brazilian,http://en.wikipedia.org/wiki/Roberto_Moreno,drivers.csv
91,wendlinger,\N,\N,Karl,Wendlinger,1968-12-20,Austrian,http://en.wikipedia.org/wiki/Karl_Wendlinger,drivers.csv
92,gachot,\N,\N,Bertrand,Gachot,1962-12-23,Belgian,http://en.wikipedia.org/wiki/Bertrand_Gachot,drivers.csv
93,schiattarella,\N,\N,Domenico,Schiattarella,1967-11-17,Italian,http://en.wikipedia.org/wiki/Domenico_Schiattarella,drivers.csv
94,martini,\N,\N,Pierluigi,Martini,1961-04-23,Italian,http://en.wikipedia.org/wiki/Pierluigi_Martini,drivers.csv
95,mansell,\N,\N,Nigel,Mansell,1953-08-08,British,http://en.wikipedia.org/wiki/Nigel_Mansell,drivers.csv
96,boullion,\N,\N,Jean-Christophe,Boullion,1969-12-27,French,http://en.wikipedia.org/wiki/Jean-Christophe_Boullion,drivers.csv
97,papis,\N,\N,Massimiliano,Papis,1969-10-03,Italian,http://en.wikipedia.org/wiki/Massimiliano_Papis,drivers.csv
98,deletraz,\N,\N,Jean-Denis,Délétraz,1963-10-01,Swiss,http://en.wikipedia.org/wiki/Jean-Denis_Deletraz,drivers.csv
99,tarquini,\N,\N,Gabriele,Tarquini,1962-03-02,Italian,http://en.wikipedia.org/wiki/Gabriele_Tarquini,drivers.csv
100,comas,\N,\N,Érik,Comas,1963-09-28,French,http://en.wikipedia.org/wiki/%C3%89rik_Comas,drivers.csv
101,brabham,\N,\N,David,Brabham,1965-09-05,Australian,http://en.wikipedia.org/wiki/David_Brabham,drivers.csv
102,senna,\N,\N,Ayrton,Senna,1960-03-21,Brazilian,http://en.wikipedia.org/wiki/Ayrton_Senna,drivers.csv
103,bernard,\N,\N,Éric,Bernard,1964-08-24,French,http://en.wikipedia.org/wiki/%C3%89ric_Bernard,drivers.csv
104,fittipaldi,\N,\N,Christian,Fittipaldi,1971-01-18,Brazilian,http://en.wikipedia.org/wiki/Christian_Fittipaldi,drivers.csv
105,alboreto,\N,\N,Michele,Alboreto,1956-12-23,Italian,http://en.wikipedia.org/wiki/Michele_Alboreto,drivers.csv
106,beretta,\N,\N,Olivier,Beretta,1969-11-23,Monegasque,http://en.wikipedia.org/wiki/Olivier_Beretta,drivers.csv
107,ratzenberger,\N,\N,Roland,Ratzenberger,1960-07-04,Austrian,http://en.wikipedia.org/wiki/Roland_Ratzenberger,drivers.csv
108,belmondo,\N,\N,Paul,Belmondo,1963-04-23,French,http://en.wikipedia.org/wiki/Paul_Belmondo,drivers.csv
109,lehto,\N,\N,Jyrki,Järvilehto,1966-01-31,Finnish,http://en.wikipedia.org/wiki/Jyrki_J%C3%A4rvilehto,drivers.csv
110,cesaris,\N,\N,Andrea,de Cesaris,1959-05-31,Italian,http://en.wikipedia.org/wiki/Andrea_de_Cesaris,drivers.csv
111,gounon,\N,\N,Jean-Marc,Gounon,1963-01-01,French,http://en.wikipedia.org/wiki/Jean-Marc_Gounon,drivers.csv
112,alliot,\N,\N,Philippe,Alliot,1954-07-27,French,http://en.wikipedia.org/wiki/Philippe_Alliot,drivers.csv
113,adams,\N,\N,Philippe,Adams,1969-11-19,Belgian,http://en.wikipedia.org/wiki/Philippe_Adams,drivers.csv
114,dalmas,\N,\N,Yannick,Dalmas,1961-07-28,French,http://en.wikipedia.org/wiki/Yannick_Dalmas,drivers.csv
115,noda,\N,\N,Hideki,Noda,1969-03-07,Japanese,http://en.wikipedia.org/wiki/Hideki_Noda,drivers.csv
116,lagorce,\N,\N,Franck,Lagorce,1968-09-01,French,http://en.wikipedia.org/wiki/Franck_Lagorce,drivers.csv
117,prost,\N,\N,Alain,Prost,1955-02-24,French,http://en.wikipedia.org/wiki/Alain_Prost,drivers.csv
118,warwick,\N,\N,Derek,Warwick,1954-08-27,British,http://en.wikipedia.org/wiki/Derek_Warwick,drivers.csv
119,patrese,\N,\N,Riccardo,Patrese,1954-04-17,Italian,http://en.wikipedia.org/wiki/Riccardo_Patrese,drivers.csv
120,barbazza,\N,\N,Fabrizio,Barbazza,1963-04-02,Italian,http://en.wikipedia.org/wiki/Fabrizio_Barbazza,drivers.csv
121,andretti,\N,\N,Michael,Andretti,1962-10-05,American,http://en.wikipedia.org/wiki/Michael_Andretti,drivers.csv
122,capelli,\N,\N,Ivan,Capelli,1963-05-24,Italian,http://en.wikipedia.org/wiki/Ivan_Capelli,drivers.csv
123,boutsen,\N,\N,Thierry,Boutsen,1957-07-13,Belgian,http://en.wikipedia.org/wiki/Thierry_Boutsen,drivers.csv
124,apicella,\N,\N,Marco,Apicella,1965-10-07,Italian,http://en.wikipedia.org/wiki/Marco_Apicella,drivers.csv
125,naspetti,\N,\N,Emanuele,Naspetti,1968-02-24,Italian,http://en.wikipedia.org/wiki/Emanuele_Naspetti,drivers.csv
126,toshio_suzuki,\N,\N,Toshio,Suzuki,1955-03-10,Japanese,http://en.wikipedia.org/wiki/Toshio_Suzuki_(driver),drivers.csv
127,gugelmin,\N,\N,Maurício,Gugelmin,1963-04-20,Brazilian,http://en.wikipedia.org/wiki/Maur%C3%ADcio_Gugelmin,drivers.csv
128,poele,\N,\N,Eric,van de Poele,1961-09-30,Belgian,http://en.wikipedia.org/wiki/Eric_van_de_Poele,drivers.csv
129,grouillard,\N,\N,Olivier,Grouillard,1958-09-02,French,http://en.wikipedia.org/wiki/Olivier_Grouillard,drivers.csv
130,chiesa,\N,\N,Andrea,Chiesa,1964-05-06,Swiss,http://en.wikipedia.org/wiki/Andrea_Chiesa,drivers.csv
131,modena,\N,\N,Stefano,Modena,1963-05-12,Italian,http://en.wikipedia.org/wiki/Stefano_Modena,drivers.csv
132,amati,\N,\N,Giovanna,Amati,1959-07-20,Italian,http://en.wikipedia.org/wiki/Giovanna_Amati,drivers.csv
133,caffi,\N,\N,Alex,Caffi,1964-03-18,Italian,http://en.wikipedia.org/wiki/Alex_Caffi,drivers.csv
134,bertaggia,\N,\N,Enrico,Bertaggia,1964-09-19,Italian,http://en.wikipedia.org/wiki/Enrico_Bertaggia,drivers.csv
135,mccarthy,\N,\N,Perry,McCarthy,1961-03-03,British,http://en.wikipedia.org/wiki/Perry_McCarthy,drivers.csv
136,lammers,\N,\N,Jan,Lammers,1956-06-02,Dutch,http://en.wikipedia.org/wiki/Jan_Lammers,drivers.csv
137,piquet,\N,\N,Nelson,Piquet,1952-08-17,Brazilian,http://en.wikipedia.org/wiki/Nelson_Piquet,drivers.csv
138,satoru_nakajima,\N,\N,Satoru,Nakajima,1953-02-23,Japanese,http://en.wikipedia.org/wiki/Satoru_Nakajima,drivers.csv
139,pirro,\N,\N,Emanuele,Pirro,1962-01-12,Italian,http://en.wikipedia.org/wiki/Emanuele_Pirro,drivers.csv
140,johansson,\N,\N,Stefan,Johansson,1956-09-08,Swedish,http://en.wikipedia.org/wiki/Stefan_Johansson,drivers.csv
141,bailey,\N,\N,Julian,Bailey,1961-10-09,British,http://en.wikipedia.org/wiki/Julian_Bailey,drivers.csv
142,chaves,\N,\N,Pedro,Chaves,1965-02-27,Portuguese,http://en.wikipedia.org/wiki/Pedro_Chaves,drivers.csv
143,bartels,\N,\N,Michael,Bartels,1968-03-08,German,http://en.wikipedia.org/wiki/Michael_Bartels,drivers.csv
144,hattori,\N,\N,Naoki,Hattori,1966-06-13,Japanese,http://en.wikipedia.org/wiki/Naoki_Hattori,drivers.csv
145,nannini,\N,\N,Alessandro,Nannini,1959-07-07,Italian,http://en.wikipedia.org/wiki/Alessandro_Nannini,drivers.csv
146,schneider,\N,\N,Bernd,Schneider,1964-07-20,German,http://en.wikipedia.org/wiki/Bernd_Schneider_(racecar_driver),drivers.csv
147,barilla,\N,\N,Paolo,Barilla,1961-04-20,Italian,http://en.wikipedia.org/wiki/Paolo_Barilla,drivers.csv
148,foitek,\N,\N,Gregor,Foitek,1965-03-27,Swiss,http://en.wikipedia.org/wiki/Gregor_Foitek,drivers.csv
149,langes,\N,\N,Claudio,Langes,1960-07-20,Italian,http://en.wikipedia.org/wiki/Claudio_Langes,drivers.csv
150,gary_brabham,\N,\N,Gary,Brabham,1961-03-29,Australian,http://en.wikipedia.org/wiki/Gary_Brabham,drivers.csv
151,donnelly,\N,\N,Martin,Donnelly,1964-03-26,British,http://en.wikipedia.org/wiki/Martin_Donnelly_(racing_driver),drivers.csv
152,giacomelli,\N,\N,Bruno,Giacomelli,1952-09-10,Italian,http://en.wikipedia.org/wiki/Bruno_Giacomelli,drivers.csv
153,alguersuari,\N,ALG,Jaime,Alguersuari,1990-03-23,Spanish,http://en.wikipedia.org/wiki/Jaime_Alguersuari,drivers.csv
154,grosjean,8,GRO,Romain,Grosjean,1986-04-17,French,http://en.wikipedia.org/wiki/Romain_Grosjean,drivers.csv
155,kobayashi,10,KOB,Kamui,Kobayashi,1986-09-13,Japanese,http://en.wikipedia.org/wiki/Kamui_Kobayashi,drivers.csv
156,palmer,\N,\N,Jonathan,Palmer,1956-11-07,British,http://en.wikipedia.org/wiki/Jonathan_Palmer,drivers.csv
157,danner,\N,\N,Christian,Danner,1958-04-04,German,http://en.wikipedia.org/wiki/Christian_Danner,drivers.csv
158,cheever,\N,\N,Eddie,Cheever,1958-01-10,American,http://en.wikipedia.org/wiki/Eddie_Cheever,drivers.csv
159,sala,\N,\N,Luis,Pérez-Sala,1959-05-15,Spanish,http://en.wikipedia.org/wiki/Luis_Perez-Sala,drivers.csv
160,ghinzani,\N,\N,Piercarlo,Ghinzani,1952-01-16,Italian,http://en.wikipedia.org/wiki/Piercarlo_Ghinzani,drivers.csv
161,weidler,\N,\N,Volker,Weidler,1962-03-18,German,http://en.wikipedia.org/wiki/Volker_Weidler,drivers.csv
162,raphanel,\N,\N,Pierre-Henri,Raphanel,1961-05-27,French,http://en.wikipedia.org/wiki/Pierre-Henri_Raphanel,drivers.csv
163,arnoux,\N,\N,René,Arnoux,1948-07-04,French,http://en.wikipedia.org/wiki/Ren%C3%A9_Arnoux,drivers.csv
164,joachim_winkelhock,\N,\N,Joachim,Winkelhock,1960-10-24,German,http://en.wikipedia.org/wiki/Joachim_Winkelhock,drivers.csv
165,larrauri,\N,\N,Oscar,Larrauri,1954-08-19,Argentine,http://en.wikipedia.org/wiki/Oscar_Larrauri,drivers.csv
166,streiff,\N,\N,Philippe,Streiff,1955-06-26,French,http://en.wikipedia.org/wiki/Philippe_Streiff,drivers.csv
167,campos,\N,\N,Adrián,Campos,1960-06-17,Spanish,http://en.wikipedia.org/wiki/Adri%C3%A1n_Campos,drivers.csv
168,schlesser,\N,\N,Jean-Louis,Schlesser,1948-09-12,French,http://en.wikipedia.org/wiki/Jean-Louis_Schlesser,drivers.csv
169,fabre,\N,\N,Pascal,Fabre,1960-01-09,French,http://en.wikipedia.org/wiki/Pascal_Fabre,drivers.csv
170,fabi,\N,\N,Teo,Fabi,1955-03-09,Italian,http://en.wikipedia.org/wiki/Teo_Fabi,drivers.csv
171,forini,\N,\N,Franco,Forini,1958-09-22,Swiss,http://en.wikipedia.org/wiki/Franco_Forini,drivers.csv
172,laffite,\N,\N,Jacques,Laffite,1943-11-21,French,http://en.wikipedia.org/wiki/Jacques_Laffite,drivers.csv
173,angelis,\N,\N,Elio,de Angelis,1958-03-26,Italian,http://en.wikipedia.org/wiki/Elio_de_Angelis,drivers.csv
174,dumfries,\N,\N,Johnny,Dumfries,1958-04-26,British,http://en.wikipedia.org/wiki/Johnny_Dumfries,drivers.csv
175,tambay,\N,\N,Patrick,Tambay,1949-06-25,French,http://en.wikipedia.org/wiki/Patrick_Tambay,drivers.csv
176,surer,\N,\N,Marc,Surer,1951-09-18,Swiss,http://en.wikipedia.org/wiki/Marc_Surer,drivers.csv
177,keke_rosberg,\N,\N,Keke,Rosberg,1948-12-06,Finnish,http://en.wikipedia.org/wiki/Keke_Rosberg,drivers.csv
178,jones,\N,\N,Alan,Jones,1946-11-02,Australian,http://en.wikipedia.org/wiki/Alan_Jones_(Formula_1),drivers.csv
179,rothengatter,\N,\N,Huub,Rothengatter,1954-10-08,Dutch,http://en.wikipedia.org/wiki/Huub_Rothengatter,drivers.csv
180,berg,\N,\N,Allen,Berg,1961-08-01,Canadian,http://en.wikipedia.org/wiki/Allen_Berg,drivers.csv
181,manfred_winkelhock,\N,\N,Manfred,Winkelhock,1951-10-06,German,http://en.wikipedia.org/wiki/Manfred_Winkelhock,drivers.csv
182,lauda,\N,\N,Niki,Lauda,1949-02-22,Austrian,http://en.wikipedia.org/wiki/Niki_Lauda,drivers.csv
183,hesnault,\N,\N,François,Hesnault,1956-12-30,French,http://en.wikipedia.org/wiki/Fran%C3%A7ois_Hesnault,drivers.csv
184,baldi,\N,\N,Mauro,Baldi,1954-01-31,Italian,http://en.wikipedia.org/wiki/Mauro_Baldi,drivers.csv
185,bellof,\N,\N,Stefan,Bellof,1957-11-20,German,http://en.wikipedia.org/wiki/Stefan_Bellof,drivers.csv
186,acheson,\N,\N,Kenny,Acheson,1957-11-27,British,http://en.wikipedia.org/wiki/Kenny_Acheson,drivers.csv
187,watson,\N,\N,John,Watson,1946-05-04,British,http://en.wikipedia.org/wiki/John_Watson_(racing_driver),drivers.csv
188,cecotto,\N,\N,Johnny,Cecotto,1956-01-25,Venezuelan,http://en.wikipedia.org/wiki/Johnny_Cecotto,drivers.csv
189,gartner,\N,\N,Jo,Gartner,1954-01-24,Austrian,http://en.wikipedia.org/wiki/Jo_Gartner,drivers.csv
190,corrado_fabi,\N,\N,Corrado,Fabi,1961-04-12,Italian,http://en.wikipedia.org/wiki/Corrado_Fabi,drivers.csv
191,thackwell,\N,\N,Mike,Thackwell,1961-03-30,New Zealander,http://en.wikipedia.org/wiki/Mike_Thackwell,drivers.csv
192,serra,\N,\N,Chico,Serra,1957-02-03,Brazilian,http://en.wikipedia.org/wiki/Chico_Serra,drivers.csv
193,sullivan,\N,\N,Danny,Sullivan,1950-03-09,American,http://en.wikipedia.org/wiki/Danny_Sullivan,drivers.csv
194,salazar,\N,\N,Eliseo,Salazar,1954-11-14,Chilean,http://en.wikipedia.org/wiki/Eliseo_Salazar,drivers.csv
195,guerrero,\N,\N,Roberto,Guerrero,1958-11-16,Colombian,http://en.wikipedia.org/wiki/Roberto_Guerrero,drivers.csv
196,boesel,\N,\N,Raul,Boesel,1957-12-04,Brazilian,http://en.wikipedia.org/wiki/Raul_Boesel,drivers.csv
197,jarier,\N,\N,Jean-Pierre,Jarier,1946-07-10,French,http://en.wikipedia.org/wiki/Jean-Pierre_Jarier,drivers.csv
198,villeneuve_sr,\N,\N,Jacques,Villeneuve Sr.,1953-11-04,Canadian,http://en.wikipedia.org/wiki/Jacques_Villeneuve_(elder),drivers.csv
199,reutemann,\N,\N,Carlos,Reutemann,1942-04-12,Argentine,http://en.wikipedia.org/wiki/Carlos_Reutemann,drivers.csv
200,mass,\N,\N,Jochen,Mass,1946-09-30,German,http://en.wikipedia.org/wiki/Jochen_Mass,drivers.csv
201,borgudd,\N,\N,Slim,Borgudd,1946-11-25,Swedish,http://en.wikipedia.org/wiki/Slim_Borgudd,drivers.csv
202,pironi,\N,\N,Didier,Pironi,1952-03-26,French,http://en.wikipedia.org/wiki/Didier_Pironi,drivers.csv
203,gilles_villeneuve,\N,\N,Gilles,Villeneuve,1950-01-18,Canadian,http://en.wikipedia.org/wiki/Gilles_Villeneuve,drivers.csv
204,paletti,\N,\N,Riccardo,Paletti,1958-06-15,Italian,http://en.wikipedia.org/wiki/Riccardo_Paletti,drivers.csv
205,henton,\N,\N,Brian,Henton,1946-09-19,British,http://en.wikipedia.org/wiki/Brian_Henton,drivers.csv
206,daly,\N,\N,Derek,Daly,1953-03-11,Irish,http://en.wikipedia.org/wiki/Derek_Daly,drivers.csv
207,mario_andretti,\N,\N,Mario,Andretti,1940-02-28,American,http://en.wikipedia.org/wiki/Mario_Andretti,drivers.csv
208,villota,\N,\N,Emilio,de Villota,1946-07-26,Spanish,http://en.wikipedia.org/wiki/Emilio_de_Villota,drivers.csv
209,lees,\N,\N,Geoff,Lees,1951-05-01,British,http://en.wikipedia.org/wiki/Geoff_Lees,drivers.csv
210,byrne,\N,\N,Tommy,Byrne,1958-05-06,Irish,http://en.wikipedia.org/wiki/Tommy_Byrne_%28racing_driver%29,drivers.csv
211,keegan,\N,\N,Rupert,Keegan,1955-02-26,British,http://en.wikipedia.org/wiki/Rupert_Keegan,drivers.csv
212,rebaque,\N,\N,Hector,Rebaque,1956-02-05,Mexican,http://en.wikipedia.org/wiki/Hector_Rebaque,drivers.csv
213,gabbiani,\N,\N,Beppe,Gabbiani,1957-01-02,Italian,http://en.wikipedia.org/wiki/Beppe_Gabbiani,drivers.csv
214,cogan,\N,\N,Kevin,Cogan,1956-03-31,American,http://en.wikipedia.org/wiki/Kevin_Cogan,drivers.csv
215,guerra,\N,\N,Miguel Ángel,Guerra,1953-08-31,Argentine,http://en.wikipedia.org/wiki/Miguel_Angel_Guerra,drivers.csv
216,stohr,\N,\N,Siegfried,Stohr,1952-10-10,Italian,http://en.wikipedia.org/wiki/Siegfried_Stohr,drivers.csv
217,zunino,\N,\N,Ricardo,Zunino,1949-04-13,Argentine,http://en.wikipedia.org/wiki/Ricardo_Zunino,drivers.csv
218,londono,\N,\N,Ricardo,Londoño,1949-08-08,Colombian,http://en.wikipedia.org/wiki/Ricardo_Londo%C3%B1o,drivers.csv
219,jabouille,\N,\N,Jean-Pierre,Jabouille,1942-10-01,French,http://en.wikipedia.org/wiki/Jean-Pierre_Jabouille,drivers.csv
220,francia,\N,\N,Giorgio,Francia,1947-11-08,Italian,http://en.wikipedia.org/wiki/Giorgio_Francia,drivers.csv
221,depailler,\N,\N,Patrick,Depailler,1944-08-09,French,http://en.wikipedia.org/wiki/Patrick_Depailler,drivers.csv
222,scheckter,\N,\N,Jody,Scheckter,1950-01-29,South African,http://en.wikipedia.org/wiki/Jody_Scheckter,drivers.csv
223,regazzoni,\N,\N,Clay,Regazzoni,1939-09-05,Swiss,http://en.wikipedia.org/wiki/Clay_Regazzoni,drivers.csv
224,emerson_fittipaldi,\N,\N,Emerson,Fittipaldi,1946-12-12,Brazilian,http://en.wikipedia.org/wiki/Emerson_Fittipaldi,drivers.csv
225,kennedy,\N,\N,Dave,Kennedy,1953-01-15,Irish,http://en.wikipedia.org/wiki/David_Kennedy_(racing_driver),drivers.csv
226,south,\N,\N,Stephen,South,1952-02-19,British,http://en.wikipedia.org/wiki/Stephen_South,drivers.csv
227,needell,\N,\N,Tiff,Needell,1951-10-29,British,http://en.wikipedia.org/wiki/Tiff_Needell,drivers.csv
228,desire_wilson,\N,\N,Desiré,Wilson,1953-11-26,South African,http://en.wikipedia.org/wiki/Desir%C3%A9_Wilson,drivers.csv
229,ertl,\N,\N,Harald,Ertl,1948-08-31,Austrian,http://en.wikipedia.org/wiki/Harald_Ertl,drivers.csv
230,brambilla,\N,\N,Vittorio,Brambilla,1937-11-11,Italian,http://en.wikipedia.org/wiki/Vittorio_Brambilla,drivers.csv
231,hunt,\N,\N,James,Hunt,1947-08-29,British,http://en.wikipedia.org/wiki/James_Hunt,drivers.csv
232,merzario,\N,\N,Arturo,Merzario,1943-03-11,Italian,http://en.wikipedia.org/wiki/Arturo_Merzario,drivers.csv
233,stuck,\N,\N,Hans-Joachim,Stuck,1951-01-01,German,http://en.wikipedia.org/wiki/Hans_Joachim_Stuck,drivers.csv
234,brancatelli,\N,\N,Gianfranco,Brancatelli,1950-01-18,Italian,http://en.wikipedia.org/wiki/Gianfranco_Brancatelli,drivers.csv
235,ickx,\N,\N,Jacky,Ickx,1945-01-01,Belgian,http://en.wikipedia.org/wiki/Jacky_Ickx,drivers.csv
236,gaillard,\N,\N,Patrick,Gaillard,1952-02-12,French,http://en.wikipedia.org/wiki/Patrick_Gaillard,drivers.csv
237,ribeiro,\N,\N,Alex,Ribeiro,1948-11-07,Brazilian,http://en.wikipedia.org/wiki/Alex_Ribeiro,drivers.csv
238,peterson,\N,\N,Ronnie,Peterson,1944-02-14,Swedish,http://en.wikipedia.org/wiki/Ronnie_Peterson,drivers.csv
239,lunger,\N,\N,Brett,Lunger,1945-11-14,American,http://en.wikipedia.org/wiki/Brett_Lunger,drivers.csv
240,ongais,\N,\N,Danny,Ongais,1942-05-21,American,http://en.wikipedia.org/wiki/Danny_Ongais,drivers.csv
241,leoni,\N,\N,Lamberto,Leoni,1953-05-24,Italian,http://en.wikipedia.org/wiki/Lamberto_Leoni,drivers.csv
242,galica,\N,\N,Divina,Galica,1944-08-13,British,http://en.wikipedia.org/wiki/Divina_Galica,drivers.csv
243,stommelen,\N,\N,Rolf,Stommelen,1943-07-11,German,http://en.wikipedia.org/wiki/Rolf_Stommelen,drivers.csv
244,colombo,\N,\N,Alberto,Colombo,1946-02-23,Italian,http://en.wikipedia.org/wiki/Alberto_Colombo,drivers.csv
245,trimmer,\N,\N,Tony,Trimmer,1943-01-24,British,http://en.wikipedia.org/wiki/Tony_Trimmer,drivers.csv
246,binder,\N,\N,Hans,Binder,1948-06-12,Austrian,http://en.wikipedia.org/wiki/Hans_Binder,drivers.csv
247,bleekemolen,\N,\N,Michael,Bleekemolen,1949-10-02,Dutch,http://en.wikipedia.org/wiki/Michael_Bleekemolen,drivers.csv
248,gimax,\N,\N,Carlo,Franchi,1938-01-01,Italian,http://en.wikipedia.org/wiki/Gimax,drivers.csv
249,rahal,\N,\N,Bobby,Rahal,1953-01-10,American,http://en.wikipedia.org/wiki/Bobby_Rahal,drivers.csv
250,pace,\N,\N,Carlos,Pace,1944-10-06,Brazilian,http://en.wikipedia.org/wiki/Carlos_Pace,drivers.csv
251,ian_scheckter,\N,\N,Ian,Scheckter,1947-08-22,South African,http://en.wikipedia.org/wiki/Ian_Scheckter,drivers.csv
252,pryce,\N,\N,Tom,Pryce,1949-06-11,British,http://en.wikipedia.org/wiki/Tom_Pryce,drivers.csv
253,hoffmann,\N,\N,Ingo,Hoffmann,1953-02-28,Brazilian,http://en.wikipedia.org/wiki/Ingo_Hoffmann,drivers.csv
254,zorzi,\N,\N,Renzo,Zorzi,1946-12-12,Italian,http://en.wikipedia.org/wiki/Renzo_Zorzi,drivers.csv
255,nilsson,\N,\N,Gunnar,Nilsson,1948-11-20,Swedish,http://en.wikipedia.org/wiki/Gunnar_Nilsson,drivers.csv
256,perkins,\N,\N,Larry,Perkins,1950-03-18,Australian,http://en.wikipedia.org/wiki/Larry_Perkins,drivers.csv
257,hayje,\N,\N,Boy,Lunger,1949-05-03,Dutch,http://en.wikipedia.org/wiki/Boy_Hayje,drivers.csv
258,neve,\N,\N,Patrick,Nève,1949-10-13,Belgian,http://en.wikipedia.org/wiki/Patrick_Neve,drivers.csv
259,purley,\N,\N,David,Purley,1945-01-26,British,http://en.wikipedia.org/wiki/David_Purley,drivers.csv
260,andersson,\N,\N,Conny,Andersson,1939-12-28,Swedish,http://en.wikipedia.org/wiki/Conny_Andersson_(racing_driver),drivers.csv
261,dryver,\N,\N,Bernard,de Dryver,1952-09-19,Belgian,http://en.wikipedia.org/wiki/Bernard_de_Dryver,drivers.csv
262,oliver,\N,\N,Jackie,Oliver,1942-08-14,British,http://en.wikipedia.org/wiki/Jackie_Oliver,drivers.csv
263,kozarowitzky,\N,\N,Mikko,Kozarowitzky,1948-05-17,Finnish,http://en.wikipedia.org/wiki/Mikko_Kozarowitzky,drivers.csv
264,sutcliffe,\N,\N,Andy,Sutcliffe,1947-05-09,British,http://en.wikipedia.org/wiki/Andy_Sutcliffe,drivers.csv
265,edwards,\N,\N,Guy,Edwards,1942-12-30,British,http://en.wikipedia.org/wiki/Guy_Edwards,drivers.csv
266,mcguire,\N,\N,Brian,McGuire,1945-12-13,Australian,http://en.wikipedia.org/wiki/Brian_McGuire,drivers.csv
267,schuppan,\N,\N,Vern,Schuppan,1943-03-19,Australian,http://en.wikipedia.org/wiki/Vern_Schuppan,drivers.csv
268,heyer,\N,\N,Hans,Heyer,1943-03-16,German,http://en.wikipedia.org/wiki/Hans_Heyer,drivers.csv
269,pilette,\N,\N,Teddy,Pilette,1942-07-26,Belgian,http://en.wikipedia.org/wiki/Teddy_Pilette,drivers.csv
270,ashley,\N,\N,Ian,Ashley,1947-10-26,British,http://en.wikipedia.org/wiki/Ian_Ashley,drivers.csv
271,kessel,\N,\N,Loris,Kessel,1950-04-01,Swiss,http://en.wikipedia.org/wiki/Loris_Kessel,drivers.csv
272,takahashi,\N,\N,Kunimitsu,Takahashi,1940-01-29,Japanese,http://en.wikipedia.org/wiki/Kunimitsu_Takahashi,drivers.csv
273,hoshino,\N,\N,Kazuyoshi,Hoshino,1947-07-01,Japanese,http://en.wikipedia.org/wiki/Kazuyoshi_Hoshino,drivers.csv
274,takahara,\N,\N,Noritake,Takahara,1951-06-06,Japanese,http://en.wikipedia.org/wiki/Noritake_Takahara,drivers.csv
275,lombardi,\N,\N,Lella,Lombardi,1941-03-26,Italian,http://en.wikipedia.org/wiki/Lella_Lombardi,drivers.csv
276,evans,\N,\N,Bob,Evans,1947-06-11,British,http://en.wikipedia.org/wiki/Bob_Evans_(race_driver),drivers.csv
277,leclere,\N,\N,Michel,Leclère,1946-03-18,French,http://en.wikipedia.org/wiki/Michel_Lecl%C3%A8re,drivers.csv
278,amon,\N,\N,Chris,Amon,1943-07-20,New Zealander,http://en.wikipedia.org/wiki/Chris_Amon,drivers.csv
279,zapico,\N,\N,Emilio,Zapico,1944-05-27,Spanish,http://en.wikipedia.org/wiki/Emilio_Zapico,drivers.csv
280,pescarolo,\N,\N,Henri,Pescarolo,1942-09-25,French,http://en.wikipedia.org/wiki/Henri_Pescarolo,drivers.csv
281,nelleman,\N,\N,Jac,Nelleman,1944-04-19,Danish,http://en.wikipedia.org/wiki/Jac_Nelleman,drivers.csv
282,magee,\N,\N,Damien,Magee,1945-11-17,British,http://en.wikipedia.org/wiki/Damien_Magee,drivers.csv
283,wilds,\N,\N,Mike,Wilds,1946-01-07,British,http://en.wikipedia.org/wiki/Mike_Wilds,drivers.csv
284,pesenti_rossi,\N,\N,Alessandro,Pesenti-Rossi,1942-08-31,Italian,http://en.wikipedia.org/wiki/Alessandro_Pesenti-Rossi,drivers.csv
285,stuppacher,\N,\N,Otto,Stuppacher,1947-03-03,Austrian,http://en.wikipedia.org/wiki/Otto_Stuppacher,drivers.csv
286,brown,\N,\N,Warwick,Brown,1949-12-24,Australian,http://en.wikipedia.org/wiki/Warwick_Brown,drivers.csv
287,hasemi,\N,\N,Masahiro,Hasemi,1945-11-13,Japanese,http://en.wikipedia.org/wiki/Masahiro_Hasemi,drivers.csv
288,donohue,\N,\N,Mark,Donohue,1937-03-18,American,http://en.wikipedia.org/wiki/Mark_Donohue,drivers.csv
289,hill,\N,\N,Graham,Hill,1929-02-15,British,http://en.wikipedia.org/wiki/Graham_Hill,drivers.csv
290,wilson_fittipaldi,\N,\N,Wilson,Fittipaldi,1943-12-25,Brazilian,http://en.wikipedia.org/wiki/Wilson_Fittipaldi,drivers.csv
291,tunmer,\N,\N,Guy,Tunmer,1948-12-01,South African,http://en.wikipedia.org/wiki/Guy_Tunmer,drivers.csv
292,keizan,\N,\N,Eddie,Keizan,1944-09-12,South African,http://en.wikipedia.org/wiki/Eddie_Keizan,drivers.csv
293,charlton,\N,\N,Dave,Charlton,1936-10-27,South African,http://en.wikipedia.org/wiki/Dave_Charlton,drivers.csv
294,brise,\N,\N,Tony,Brise,1952-03-28,British,http://en.wikipedia.org/wiki/Tony_Brise,drivers.csv
295,wunderink,\N,\N,Roelof,Wunderink,1948-12-12,Dutch,http://en.wikipedia.org/wiki/Roelof_Wunderink,drivers.csv
296,migault,\N,\N,François,Migault,1944-12-04,French,http://en.wikipedia.org/wiki/Fran%C3%A7ois_Migault,drivers.csv
297,palm,\N,\N,Torsten,Palm,1947-07-23,Swedish,http://en.wikipedia.org/wiki/Torsten_Palm,drivers.csv
298,lennep,\N,\N,Gijs,van Lennep,1942-03-16,Dutch,http://en.wikipedia.org/wiki/Gijs_Van_Lennep,drivers.csv
299,fushida,\N,\N,Hiroshi,Fushida,1946-03-10,Japanese,http://en.wikipedia.org/wiki/Hiroshi_Fushida,drivers.csv
300,nicholson,\N,\N,John,Nicholson,1941-10-06,New Zealander,http://en.wikipedia.org/wiki/John_Nicholson_(racing_driver),drivers.csv
301,morgan,\N,\N,Dave,Morgan,1944-08-07,British,http://en.wikipedia.org/wiki/Dave_Morgan_(racing_driver),drivers.csv
302,crawford,\N,\N,Jim,Crawford,1948-02-13,British,http://en.wikipedia.org/wiki/Jim_Crawford_(driver),drivers.csv
303,vonlanthen,\N,\N,Jo,Vonlanthen,1942-05-31,Swiss,http://en.wikipedia.org/wiki/Jo_Vonlanthen,drivers.csv
304,hulme,\N,\N,Denny,Hulme,1936-06-18,New Zealander,http://en.wikipedia.org/wiki/Denny_Hulme,drivers.csv
305,hailwood,\N,\N,Mike,Hailwood,1940-04-02,British,http://en.wikipedia.org/wiki/Mike_Hailwood,drivers.csv
306,beltoise,\N,\N,Jean-Pierre,Beltoise,1937-04-26,French,http://en.wikipedia.org/wiki/Jean-Pierre_Beltoise,drivers.csv
307,ganley,\N,\N,Howden,Ganley,1941-12-24,New Zealander,http://en.wikipedia.org/wiki/Howden_Ganley,drivers.csv
308,robarts,\N,\N,Richard,Robarts,1944-09-22,British,http://en.wikipedia.org/wiki/Richard_Robarts,drivers.csv
309,revson,\N,\N,Peter,Revson,1939-02-27,American,http://en.wikipedia.org/wiki/Peter_Revson,drivers.csv
310,driver,\N,\N,Paddy,Driver,1934-05-13,South African,http://en.wikipedia.org/wiki/Paddy_Driver,drivers.csv
311,belso,\N,\N,Tom,Belsø,1942-08-27,Danish,http://en.wikipedia.org/wiki/Tom_Bels%C3%B8,drivers.csv
312,redman,\N,\N,Brian,Redman,1937-03-09,British,http://en.wikipedia.org/wiki/Brian_Redman,drivers.csv
313,opel,\N,\N,Rikky,von Opel,1947-10-14,Liechtensteiner,http://en.wikipedia.org/wiki/Rikky_von_Opel,drivers.csv
314,schenken,\N,\N,Tim,Schenken,1943-09-26,Australian,http://en.wikipedia.org/wiki/Tim_Schenken,drivers.csv
315,larrousse,\N,\N,Gérard,Larrousse,1940-05-23,French,http://en.wikipedia.org/wiki/G%C3%A9rard_Larrousse,drivers.csv
316,kinnunen,\N,\N,Leo,Kinnunen,1943-08-05,Finnish,http://en.wikipedia.org/wiki/Leo_Kinnunen,drivers.csv
317,wisell,\N,\N,Reine,Wisell,1941-09-30,Swedish,http://en.wikipedia.org/wiki/Reine_Wisell,drivers.csv
318,roos,\N,\N,Bertil,Roos,1943-10-12,Swedish,http://en.wikipedia.org/wiki/Bertil_Roos,drivers.csv
319,dolhem,\N,\N,José,Dolhem,1944-04-26,French,http://en.wikipedia.org/wiki/Jos%C3%A9_Dolhem,drivers.csv
320,gethin,\N,\N,Peter,Gethin,1940-02-21,British,http://en.wikipedia.org/wiki/Peter_Gethin,drivers.csv
321,bell,\N,\N,Derek,Bell,1941-10-31,British,http://en.wikipedia.org/wiki/Derek_Bell_(auto_racer),drivers.csv
322,hobbs,\N,\N,David,Hobbs,1939-06-09,British,http://en.wikipedia.org/wiki/David_Hobbs_(racing_driver),drivers.csv
323,quester,\N,\N,Dieter,Quester,1939-05-30,Austrian,http://en.wikipedia.org/wiki/Dieter_Quester,drivers.csv
324,koinigg,\N,\N,Helmuth,Koinigg,1948-11-03,Austrian,http://en.wikipedia.org/wiki/Helmuth_Koinigg,drivers.csv
325,facetti,\N,\N,Carlo,Facetti,1935-06-26,Italian,http://en.wikipedia.org/wiki/Carlo_Facetti,drivers.csv
326,wietzes,\N,\N,Eppie,Wietzes,1938-05-28,Canadian,http://en.wikipedia.org/wiki/Eppie_Wietzes,drivers.csv
327,cevert,\N,\N,François,Cevert,1944-02-25,French,http://en.wikipedia.org/wiki/Fran%C3%A7ois_Cevert,drivers.csv
328,stewart,\N,\N,Jackie,Stewart,1939-06-11,British,http://en.wikipedia.org/wiki/Jackie_Stewart,drivers.csv
329,beuttler,\N,\N,Mike,Beuttler,1940-04-13,British,http://en.wikipedia.org/wiki/Mike_Beuttler,drivers.csv
330,galli,\N,\N,Nanni,Galli,1940-10-02,Italian,http://en.wikipedia.org/wiki/Nanni_Galli,drivers.csv
331,bueno,\N,\N,Luiz,Bueno,1937-01-16,Brazilian,http://en.wikipedia.org/wiki/Luiz_Bueno,drivers.csv
332,follmer,\N,\N,George,Follmer,1934-01-27,American,http://en.wikipedia.org/wiki/George_Follmer,drivers.csv
333,adamich,\N,\N,Andrea,de Adamich,1941-10-03,Italian,http://en.wikipedia.org/wiki/Andrea_de_Adamich,drivers.csv
334,pretorius,\N,\N,Jackie,Pretorius,1934-11-22,South African,http://en.wikipedia.org/wiki/Jackie_Pretorius,drivers.csv
335,williamson,\N,\N,Roger,Williamson,1948-02-02,British,http://en.wikipedia.org/wiki/Roger_Williamson,drivers.csv
336,mcrae,\N,\N,Graham,McRae,1940-03-05,New Zealander,http://en.wikipedia.org/wiki/Graham_McRae,drivers.csv
337,marko,\N,\N,Helmut,Marko,1943-04-27,Austrian,http://en.wikipedia.org/wiki/Helmut_Marko,drivers.csv
338,walker,\N,\N,David,Walker,1941-06-10,Australian,http://en.wikipedia.org/wiki/David_Walker_(racing_driver),drivers.csv
339,roig,\N,\N,Alex,Soler-Roig,1932-10-29,Spanish,http://en.wikipedia.org/wiki/Alex_Soler-Roig,drivers.csv
340,love,\N,\N,John,Love,1924-12-07,Rhodesian,http://en.wikipedia.org/wiki/John_Love_(racing_driver),drivers.csv
341,surtees,\N,\N,John,Surtees,1934-02-11,British,http://en.wikipedia.org/wiki/John_Surtees,drivers.csv
342,barber,\N,\N,Skip,Barber,1936-11-16,American,http://en.wikipedia.org/wiki/Skip_Barber,drivers.csv
343,brack,\N,\N,Bill,Brack,1935-12-26,Canadian,http://en.wikipedia.org/wiki/Bill_Brack,drivers.csv
344,posey,\N,\N,Sam,Posey,1944-05-26,American,http://en.wikipedia.org/wiki/Sam_Posey,drivers.csv
345,rodriguez,\N,\N,Pedro,Rodríguez,1940-01-18,Mexican,http://en.wikipedia.org/wiki/Pedro_Rodr%C3%ADguez_(racing_driver),drivers.csv
346,siffert,\N,\N,Jo,Siffert,1936-07-07,Swiss,http://en.wikipedia.org/wiki/Jo_Siffert,drivers.csv
347,bonnier,\N,\N,Jo,Bonnier,1930-01-31,Swedish,http://en.wikipedia.org/wiki/Joakim_Bonnier,drivers.csv
348,mazet,\N,\N,François,Mazet,1943-02-24,French,http://en.wikipedia.org/wiki/Fran%C3%A7ois_Mazet,drivers.csv
349,jean,\N,\N,Max,Jean,1943-07-27,French,http://en.wikipedia.org/wiki/Max_Jean,drivers.csv
350,elford,\N,\N,Vic,Elford,1935-06-10,British,http://en.wikipedia.org/wiki/Vic_Elford,drivers.csv
351,moser,\N,\N,Silvio,Moser,1941-04-24,Swiss,http://en.wikipedia.org/wiki/Silvio_Moser,drivers.csv
352,eaton,\N,\N,George,Eaton,1945-11-12,Canadian,http://en.wikipedia.org/wiki/George_Eaton,drivers.csv
353,lovely,\N,\N,Pete,Lovely,1926-04-11,American,http://en.wikipedia.org/wiki/Pete_Lovely,drivers.csv
354,craft,\N,\N,Chris,Craft,1939-11-17,British,http://en.wikipedia.org/wiki/Chris_Craft_(racing_driver),drivers.csv
355,Cannoc,\N,\N,John,Cannon,1933-06-21,Canadian,http://en.wikipedia.org/wiki/John_Cannon_(auto_racer),drivers.csv
356,jack_brabham,\N,\N,Jack,Brabham,1926-04-02,Australian,http://en.wikipedia.org/wiki/Jack_Brabham,drivers.csv
357,miles,\N,\N,John,Miles,1943-06-14,British,http://en.wikipedia.org/wiki/John_Miles_(auto_racer),drivers.csv
358,rindt,\N,\N,Jochen,Rindt,1942-04-18,Austrian,http://en.wikipedia.org/wiki/Jochen_Rindt,drivers.csv
359,gavin,\N,\N,Johnny,Servoz-Gavin,1942-01-18,French,http://en.wikipedia.org/wiki/Johnny_Servoz-Gavin,drivers.csv
360,mclaren,\N,\N,Bruce,McLaren,1937-08-30,New Zealander,http://en.wikipedia.org/wiki/Bruce_McLaren,drivers.csv
361,courage,\N,\N,Piers,Courage,1942-05-27,British,http://en.wikipedia.org/wiki/Piers_Courage,drivers.csv
362,klerk,\N,\N,Peter,de Klerk,1935-03-16,South African,http://en.wikipedia.org/wiki/Peter_de_Klerk,drivers.csv
363,giunti,\N,\N,Ignazio,Giunti,1941-08-30,Italian,http://en.wikipedia.org/wiki/Ignazio_Giunti,drivers.csv
364,gurney,\N,\N,Dan,Gurney,1931-04-13,American,http://en.wikipedia.org/wiki/Dan_Gurney,drivers.csv
365,hahne,\N,\N,Hubert,Hahne,1935-03-28,German,http://en.wikipedia.org/wiki/Hubert_Hahne,drivers.csv
366,hutchison,\N,\N,Gus,Hutchison,1937-04-26,American,http://en.wikipedia.org/wiki/Gus_Hutchison,drivers.csv
367,westbury,\N,\N,Peter,Westbury,1938-05-26,British,http://en.wikipedia.org/wiki/Peter_Westbury,drivers.csv
368,tingle,\N,\N,Sam,Tingle,1921-08-24,Rhodesian,http://en.wikipedia.org/wiki/Sam_Tingle,drivers.csv
369,rooyen,\N,\N,Basil,van Rooyen,1939-04-19,South African,http://en.wikipedia.org/wiki/Basil_van_Rooyen,drivers.csv
370,attwood,\N,\N,Richard,Attwood,1940-04-04,British,http://en.wikipedia.org/wiki/Richard_Attwood,drivers.csv
371,pease,\N,\N,Al,Pease,1921-10-15,Canadian,http://en.wikipedia.org/wiki/Al_Pease,drivers.csv
372,cordts,\N,\N,John,Cordts,1935-07-23,Canadian,http://en.wikipedia.org/wiki/John_Cordts,drivers.csv
373,clark,\N,\N,Jim,Clark,1936-03-04,British,http://en.wikipedia.org/wiki/Jim_Clark,drivers.csv
374,spence,\N,\N,Mike,Spence,1936-12-30,British,http://en.wikipedia.org/wiki/Mike_Spence,drivers.csv
375,scarfiotti,\N,\N,Ludovico,Scarfiotti,1933-10-18,Italian,http://en.wikipedia.org/wiki/Ludovico_Scarfiotti,drivers.csv
376,bianchi,\N,BIA,Lucien,Bianchi,1934-11-10,Belgian,http://en.wikipedia.org/wiki/Lucien_Bianchi,drivers.csv
377,jo_schlesser,\N,\N,Jo,Schlesser,1928-05-18,French,http://en.wikipedia.org/wiki/Jo_Schlesser,drivers.csv
378,widdows,\N,\N,Robin,Widdows,1942-05-27,British,http://en.wikipedia.org/wiki/Robin_Widdows,drivers.csv
379,ahrens,\N,\N,Kurt,Ahrens,1940-04-19,German,"http://en.wikipedia.org/wiki/Kurt_Ahrens,_Jr.",drivers.csv
380,gardner,\N,\N,Frank,Gardner,1930-10-01,Australian,http://en.wikipedia.org/wiki/Frank_Gardner_(driver),drivers.csv
381,unser,\N,\N,Bobby,Unser,1934-02-20,American,http://en.wikipedia.org/wiki/Bobby_Unser,drivers.csv
382,solana,\N,\N,Moisés,Solana,1935-12-26,Mexican,http://en.wikipedia.org/wiki/Mois%C3%A9s_Solana,drivers.csv
383,anderson,\N,\N,Bob,Anderson,1931-05-19,British,http://en.wikipedia.org/wiki/Bob_Anderson_(racing_driver),drivers.csv
384,botha,\N,\N,Luki,Botha,1930-01-16,South African,http://en.wikipedia.org/wiki/Luki_Botha,drivers.csv
385,bandini,\N,\N,Lorenzo,Bandini,1935-12-21,Italian,http://en.wikipedia.org/wiki/Lorenzo_Bandini,drivers.csv
386,ginther,\N,\N,Richie,Ginther,1930-08-05,American,http://en.wikipedia.org/wiki/Richie_Ginther,drivers.csv
387,parkes,\N,\N,Mike,Parkes,1931-09-24,British,http://en.wikipedia.org/wiki/Mike_Parkes,drivers.csv
388,irwin,\N,\N,Chris,Irwin,1942-06-27,British,http://en.wikipedia.org/wiki/Chris_Irwin,drivers.csv
389,ligier,\N,\N,Guy,Ligier,1930-07-12,French,http://en.wikipedia.org/wiki/Guy_Ligier,drivers.csv
390,rees,\N,\N,Alan,Rees,1938-01-12,British,http://en.wikipedia.org/wiki/Alan_Rees_(racing_driver),drivers.csv
391,hart,\N,\N,Brian,Hart,1936-09-07,British,http://en.wikipedia.org/wiki/Brian_Hart,drivers.csv
392,fisher,\N,\N,Mike,Fisher,1943-03-13,American,http://en.wikipedia.org/wiki/Mike_Fisher_(driver),drivers.csv
393,tom_jones,\N,\N,Tom,Jones,1943-04-26,American,http://en.wikipedia.org/wiki/Tom_Jones_(auto_racer),drivers.csv
394,baghetti,\N,\N,Giancarlo,Baghetti,1934-12-25,Italian,http://en.wikipedia.org/wiki/Giancarlo_Baghetti,drivers.csv
395,williams,\N,\N,Jonathan,Williams,1942-10-26,British,http://en.wikipedia.org/wiki/Jonathan_Williams_(racing_driver),drivers.csv
396,bondurant,\N,\N,Bob,Bondurant,1933-04-27,American,http://en.wikipedia.org/wiki/Bob_Bondurant,drivers.csv
397,arundell,\N,\N,Peter,Arundell,1933-11-08,British,http://en.wikipedia.org/wiki/Peter_Arundell,drivers.csv
398,vic_wilson,\N,\N,Vic,Wilson,1931-04-14,British,http://en.wikipedia.org/wiki/Vic_Wilson_(motor_racing_driver),drivers.csv
399,taylor,\N,\N,John,Taylor,1933-03-23,British,http://en.wikipedia.org/wiki/John_Taylor_(racer),drivers.csv
400,lawrence,\N,\N,Chris,Lawrence,1933-07-27,British,http://en.wikipedia.org/wiki/Chris_Lawrence_(racing_driver),drivers.csv
401,trevor_taylor,\N,\N,Trevor,Taylor,1936-12-26,British,http://en.wikipedia.org/wiki/Trevor_Taylor,drivers.csv
402,geki,\N,\N,Giacomo,Russo,1937-10-23,Italian,http://en.wikipedia.org/wiki/Geki_(driver),drivers.csv
403,phil_hill,\N,\N,Phil,Hill,1927-04-20,American,http://en.wikipedia.org/wiki/Phil_Hill,drivers.csv
404,ireland,\N,\N,Innes,Ireland,1930-06-12,British,http://en.wikipedia.org/wiki/Innes_Ireland,drivers.csv
405,bucknum,\N,\N,Ronnie,Bucknum,1936-04-05,American,http://en.wikipedia.org/wiki/Ronnie_Bucknum,drivers.csv
406,hawkins,\N,\N,Paul,Hawkins,1937-10-12,Australian,http://en.wikipedia.org/wiki/Paul_Hawkins_(racing_driver),drivers.csv
407,prophet,\N,\N,David,Prophet,1937-10-09,British,http://en.wikipedia.org/wiki/David_Prophet,drivers.csv
408,maggs,\N,\N,Tony,Maggs,1937-02-09,South African,http://en.wikipedia.org/wiki/Tony_Maggs,drivers.csv
409,blokdyk,\N,\N,Trevor,Blokdyk,1935-11-30,South African,http://en.wikipedia.org/wiki/Trevor_Blokdyk,drivers.csv
410,lederle,\N,\N,Neville,Lederle,1938-09-25,South African,http://en.wikipedia.org/wiki/Neville_Lederle,drivers.csv
411,serrurier,\N,\N,Doug,Serrurier,1920-12-09,South African,http://en.wikipedia.org/wiki/Doug_Serrurier,drivers.csv
412,niemann,\N,\N,Brausch,Niemann,1939-01-07,South African,http://en.wikipedia.org/wiki/Brausch_Niemann,drivers.csv
413,pieterse,\N,\N,Ernie,Pieterse,1938-07-04,South African,http://en.wikipedia.org/wiki/Ernie_Pieterse,drivers.csv
414,puzey,\N,\N,Clive,Puzey,1941-07-11,Rhodesian,http://en.wikipedia.org/wiki/Clive_Puzey,drivers.csv
415,reed,\N,\N,Ray,Reed,1932-04-30,South African,http://en.wikipedia.org/wiki/Ray_Reed,drivers.csv
416,clapham,\N,\N,David,Clapham,1931-05-18,South African,http://en.wikipedia.org/wiki/David_Clapham,drivers.csv
417,blignaut,\N,\N,Alex,Blignaut,1932-11-30,South African,http://en.wikipedia.org/wiki/Alex_Blignaut,drivers.csv
418,gregory,\N,\N,Masten,Gregory,1932-02-29,American,http://en.wikipedia.org/wiki/Masten_Gregory,drivers.csv
419,rhodes,\N,\N,John,Rhodes,1927-08-18,British,http://en.wikipedia.org/wiki/John_Rhodes_(driver),drivers.csv
420,raby,\N,\N,Ian,Raby,1921-09-22,British,http://en.wikipedia.org/wiki/Ian_Raby,drivers.csv
421,rollinson,\N,\N,Alan,Rollinson,1943-05-15,British,http://en.wikipedia.org/wiki/Alan_Rollinson,drivers.csv
422,gubby,\N,\N,Brian,Gubby,1934-04-17,British,http://en.wikipedia.org/wiki/Brian_Gubby,drivers.csv
423,mitter,\N,\N,Gerhard,Mitter,1935-08-30,German,http://en.wikipedia.org/wiki/Gerhard_Mitter,drivers.csv
424,bussinello,\N,\N,Roberto,Bussinello,1927-10-04,Italian,http://en.wikipedia.org/wiki/Roberto_Bussinello,drivers.csv
425,vaccarella,\N,\N,Nino,Vaccarella,1933-03-04,Italian,http://en.wikipedia.org/wiki/Nino_Vaccarella,drivers.csv
426,bassi,\N,\N,Giorgio,Bassi,1934-01-20,Italian,http://en.wikipedia.org/wiki/Giorgio_Bassi,drivers.csv
427,trintignant,\N,\N,Maurice,Trintignant,1917-10-30,French,http://en.wikipedia.org/wiki/Maurice_Trintignant,drivers.csv
428,collomb,\N,\N,Bernard,Collomb,1930-10-07,French,http://en.wikipedia.org/wiki/Bernard_Collomb,drivers.csv
429,andre_pilette,\N,\N,André,Pilette,1918-10-06,Belgian,http://en.wikipedia.org/wiki/Andr%C3%A9_Pilette,drivers.csv
430,beaufort,\N,\N,Carel Godin,de Beaufort,1934-04-10,Dutch,http://en.wikipedia.org/wiki/Carel_Godin_de_Beaufort,drivers.csv
431,barth,\N,\N,Edgar,Barth,1917-01-26,German,http://en.wikipedia.org/wiki/Edgar_Barth,drivers.csv
432,cabral,\N,\N,Mário de Araújo,Cabral,1934-01-15,Portuguese,http://en.wikipedia.org/wiki/Mario_de_Araujo_Cabral,drivers.csv
433,hansgen,\N,\N,Walt,Hansgen,1919-10-28,American,http://en.wikipedia.org/wiki/Walt_Hansgen,drivers.csv
434,sharp,\N,\N,Hap,Sharp,1928-01-01,American,http://en.wikipedia.org/wiki/Hap_Sharp,drivers.csv
435,mairesse,\N,\N,Willy,Mairesse,1928-10-01,Belgian,http://en.wikipedia.org/wiki/Willy_Mairesse,drivers.csv
436,campbell-jones,\N,\N,John,Campbell-Jones,1930-01-21,British,http://en.wikipedia.org/wiki/John_Campbell-Jones,drivers.csv
437,burgess,\N,\N,Ian,Burgess,1930-07-06,British,http://en.wikipedia.org/wiki/Ian_Burgess,drivers.csv
438,settember,\N,\N,Tony,Settember,1926-07-10,American,http://en.wikipedia.org/wiki/Tony_Settember,drivers.csv
439,estefano,\N,\N,Nasif,Estéfano,1932-11-18,Argentine,http://en.wikipedia.org/wiki/Nasif_Est%C3%A9fano,drivers.csv
440,hall,\N,\N,Jim,Hall,1935-07-23,American,http://en.wikipedia.org/wiki/Jim_Hall_(race_car_driver),drivers.csv
441,parnell,\N,\N,Tim,Parnell,1932-06-25,British,http://en.wikipedia.org/wiki/Tim_Parnell,drivers.csv
442,kuhnke,\N,\N,Kurt,Kuhnke,1910-04-30,German,http://en.wikipedia.org/wiki/Kurt_Kuhnke,drivers.csv
443,ernesto_brambilla,\N,\N,Ernesto,Brambilla,1934-01-31,Italian,http://en.wikipedia.org/wiki/Ernesto_Brambilla,drivers.csv
444,lippi,\N,\N,Roberto,Lippi,1926-10-17,Italian,http://en.wikipedia.org/wiki/Roberto_Lippi,drivers.csv
445,seiffert,\N,\N,Günther,Seiffert,1937-10-18,German,http://en.wikipedia.org/wiki/G%C3%BCnther_Seiffert,drivers.csv
446,abate,\N,\N,Carlo,Abate,1932-07-10,Italian,http://en.wikipedia.org/wiki/Carlo_Mario_Abate,drivers.csv
447,starrabba,\N,\N,Gaetano,Starrabba,1932-12-03,Italian,http://en.wikipedia.org/wiki/Gaetano_Starrabba,drivers.csv
448,broeker,\N,\N,Peter,Broeker,1926-05-15,Canadian,http://en.wikipedia.org/wiki/Peter_Broeker,drivers.csv
449,ward,\N,\N,Rodger,Ward,1921-01-10,American,http://en.wikipedia.org/wiki/Rodger_Ward,drivers.csv
450,vos,\N,\N,Ernie,de Vos,1941-07-01,Dutch,http://en.wikipedia.org/wiki/Ernie_de_Vos,drivers.csv
451,dochnal,\N,\N,Frank,Dochnal,1920-10-08,American,http://en.wikipedia.org/wiki/Frank_Dochnal,drivers.csv
452,monarch,\N,\N,Thomas,Monarch,1945-09-03,American,http://en.wikipedia.org/wiki/Talk:1963_Mexican_Grand_Prix#Who_was_Thomas_Monarch.3F,drivers.csv
842,gasly,10,GAS,Pierre,Gasly,1996-02-07,French,http://en.wikipedia.org/wiki/Pierre_Gasly,drivers.csv
453,lewis,\N,\N,Jackie,Lewis,1936-11-01,British,http://en.wikipedia.org/wiki/Jackie_Lewis,drivers.csv
454,ricardo_rodriguez,\N,\N,Ricardo,Rodríguez,1942-02-14,Mexican,http://en.wikipedia.org/wiki/Ricardo_Rodr%C3%ADguez_(Formula_One),drivers.csv
455,seidel,\N,\N,Wolfgang,Seidel,1926-07-04,German,http://en.wikipedia.org/wiki/Wolfgang_Seidel,drivers.csv
456,salvadori,\N,\N,Roy,Salvadori,1922-05-12,British,http://en.wikipedia.org/wiki/Roy_Salvadori,drivers.csv
457,pon,\N,\N,Ben,Pon,1936-12-09,Dutch,http://en.wikipedia.org/wiki/Ben_Pon,drivers.csv
458,slotemaker,\N,\N,Rob,Slotemaker,1929-06-13,Dutch,http://en.wikipedia.org/wiki/Rob_Slotemaker,drivers.csv
459,marsh,\N,\N,Tony,Marsh,1931-07-20,British,http://en.wikipedia.org/wiki/Tony_Marsh_(racing_driver),drivers.csv
460,ashmore,\N,\N,Gerry,Ashmore,1936-07-25,British,http://en.wikipedia.org/wiki/Gerry_Ashmore,drivers.csv
461,schiller,\N,\N,Heinz,Schiller,1930-01-25,Swiss,http://en.wikipedia.org/wiki/Heinz_Schiller,drivers.csv
462,davis,\N,\N,Colin,Davis,1933-07-29,British,http://en.wikipedia.org/wiki/Colin_Davis_(driver),drivers.csv
463,chamberlain,\N,\N,Jay,Chamberlain,1925-12-29,American,http://en.wikipedia.org/wiki/Jay_Chamberlain,drivers.csv
464,shelly,\N,\N,Tony,Shelly,1937-02-02,New Zealander,http://en.wikipedia.org/wiki/Tony_Shelly,drivers.csv
465,greene,\N,\N,Keith,Greene,1938-01-05,British,http://en.wikipedia.org/wiki/Keith_Greene,drivers.csv
466,walter,\N,\N,Heini,Walter,1927-07-28,Swiss,http://en.wikipedia.org/wiki/Heini_Walter,drivers.csv
467,prinoth,\N,\N,Ernesto,Prinoth,1923-04-15,Italian,http://en.wikipedia.org/wiki/Ernesto_Prinoth,drivers.csv
468,penske,\N,\N,Roger,Penske,1937-02-20,American,http://en.wikipedia.org/wiki/Roger_Penske,drivers.csv
469,schroeder,\N,\N,Rob,Schroeder,1926-05-11,British,http://en.wikipedia.org/wiki/Rob_Schroeder,drivers.csv
470,mayer,\N,\N,Timmy,Mayer,1938-02-22,American,http://en.wikipedia.org/wiki/Timmy_Mayer,drivers.csv
471,johnstone,\N,\N,Bruce,Johnstone,1937-01-30,South African,http://en.wikipedia.org/wiki/Bruce_Johnstone_(racing_driver),drivers.csv
472,harris,\N,\N,Mike,Harris,1939-05-25,South African,http://en.wikipedia.org/wiki/Mike_Harris_(race_car_driver),drivers.csv
473,hocking,\N,\N,Gary,Hocking,1937-09-30,Rhodesian,http://en.wikipedia.org/wiki/Gary_Hocking,drivers.csv
474,vyver,\N,\N,Syd,van der Vyver,1920-06-01,South African,http://en.wikipedia.org/wiki/Syd_van_der_Vyver,drivers.csv
475,moss,\N,\N,Stirling,Moss,1929-09-17,British,http://en.wikipedia.org/wiki/Stirling_Moss,drivers.csv
476,trips,\N,\N,Wolfgang,von Trips,1928-05-04,German,http://en.wikipedia.org/wiki/Wolfgang_Graf_Berghe_von_Trips,drivers.csv
477,allison,\N,\N,Cliff,Allison,1932-02-08,British,http://en.wikipedia.org/wiki/Cliff_Allison,drivers.csv
478,herrmann,\N,\N,Hans,Herrmann,1928-02-23,German,http://en.wikipedia.org/wiki/Hans_Herrmann,drivers.csv
479,brooks,\N,\N,Tony,Brooks,1932-02-25,British,http://en.wikipedia.org/wiki/Tony_Brooks,drivers.csv
480,may,\N,\N,Michael,May,1934-08-18,Swiss,http://en.wikipedia.org/wiki/Michael_May_(racing_driver),drivers.csv
481,henry_taylor,\N,\N,Henry,Taylor,1932-12-16,British,http://en.wikipedia.org/wiki/Henry_Taylor_(racing_driver),drivers.csv
482,gendebien,\N,\N,Olivier,Gendebien,1924-01-12,Belgian,http://en.wikipedia.org/wiki/Olivier_Gendebien,drivers.csv
483,scarlatti,\N,\N,Giorgio,Scarlatti,1921-10-02,Italian,http://en.wikipedia.org/wiki/Giorgio_Scarlatti,drivers.csv
484,naylor,\N,\N,Brian,Naylor,1923-03-24,British,http://en.wikipedia.org/wiki/Brian_Naylor,drivers.csv
485,bordeu,\N,\N,Juan Manuel,Bordeu,1934-01-28,Argentine,http://en.wikipedia.org/wiki/Juan_Manuel_Bordeu,drivers.csv
486,fairman,\N,\N,Jack,Fairman,1913-03-15,British,http://en.wikipedia.org/wiki/Jack_Fairman,drivers.csv
487,natili,\N,\N,Massimo,Natili,1935-07-28,Italian,http://en.wikipedia.org/wiki/Massimo_Natili,drivers.csv
488,monteverdi,\N,\N,Peter,Monteverdi,1934-06-07,Swiss,http://en.wikipedia.org/wiki/Peter_Monteverdi,drivers.csv
489,pirocchi,\N,\N,Renato,Pirocchi,1933-03-26,Italian,http://en.wikipedia.org/wiki/Renato_Pirocchi,drivers.csv
490,duke,\N,\N,Geoff,Duke,1923-03-29,British,http://en.wikipedia.org/wiki/Geoff_Duke,drivers.csv
491,thiele,\N,\N,Alfonso,Thiele,1920-04-05,American-Italian,http://en.wikipedia.org/wiki/Alfonso_Thiele,drivers.csv
492,boffa,\N,\N,Menato,Boffa,1930-01-04,Italian,http://en.wikipedia.org/wiki/Menato_Boffa,drivers.csv
493,ryan,\N,\N,Peter,Ryan,1940-06-10,Canadian,http://en.wikipedia.org/wiki/Peter_Ryan_(driver),drivers.csv
494,ruby,\N,\N,Lloyd,Ruby,1928-01-12,American,http://en.wikipedia.org/wiki/Lloyd_Ruby,drivers.csv
495,ken_miles,\N,\N,Ken,Miles,1918-11-01,British,http://en.wikipedia.org/wiki/Ken_Miles,drivers.csv
496,menditeguy,\N,\N,Carlos,Menditeguy,1914-08-10,Argentine,http://en.wikipedia.org/wiki/Carlos_Menditeguy,drivers.csv
497,larreta,\N,\N,Alberto Rodriguez,Larreta,1934-01-14,Argentine,http://en.wikipedia.org/wiki/Alberto_Rodriguez_Larreta,drivers.csv
498,gonzalez,\N,\N,José Froilán,González,1922-10-05,Argentine,http://en.wikipedia.org/wiki/Jos%C3%A9_Froil%C3%A1n_Gonz%C3%A1lez,drivers.csv
499,bonomi,\N,\N,Roberto,Bonomi,1919-09-30,Argentine,http://en.wikipedia.org/wiki/Roberto_Bonomi,drivers.csv
500,munaron,\N,\N,Gino,Munaron,1928-04-02,Italian,http://en.wikipedia.org/wiki/Gino_Munaron,drivers.csv
501,schell,\N,\N,Harry,Schell,1921-06-29,American,http://en.wikipedia.org/wiki/Harry_Schell,drivers.csv
502,stacey,\N,\N,Alan,Stacey,1933-08-29,British,http://en.wikipedia.org/wiki/Alan_Stacey,drivers.csv
503,chimeri,\N,\N,Ettore,Chimeri,1921-06-04,Venezuelan,http://en.wikipedia.org/wiki/Ettore_Chimeri,drivers.csv
504,creus,\N,\N,Antonio,Creus,1924-10-28,Spanish,http://en.wikipedia.org/wiki/Antonio_Creus,drivers.csv
505,bristow,\N,\N,Chris,Bristow,1937-12-02,British,http://en.wikipedia.org/wiki/Chris_Bristow,drivers.csv
506,halford,\N,\N,Bruce,Halford,1931-05-18,British,http://en.wikipedia.org/wiki/Bruce_Halford,drivers.csv
507,daigh,\N,\N,Chuck,Daigh,1923-11-29,American,http://en.wikipedia.org/wiki/Chuck_Daigh,drivers.csv
508,reventlow,\N,\N,Lance,Reventlow,1936-02-24,American,http://en.wikipedia.org/wiki/Lance_Reventlow,drivers.csv
509,rathmann,\N,\N,Jim,Rathmann,1928-07-16,American,http://en.wikipedia.org/wiki/Jim_Rathmann,drivers.csv
510,goldsmith,\N,\N,Paul,Goldsmith,1925-10-02,American,http://en.wikipedia.org/wiki/Paul_Goldsmith,drivers.csv
511,branson,\N,\N,Don,Branson,1920-06-02,American,http://en.wikipedia.org/wiki/Don_Branson,drivers.csv
512,thomson,\N,\N,Johnny,Thomson,1922-04-09,American,http://en.wikipedia.org/wiki/Johnny_Thomson,drivers.csv
513,johnson,\N,\N,Eddie,Johnson,1919-02-10,American,http://en.wikipedia.org/wiki/Eddie_Johnson_(auto_racer),drivers.csv
514,veith,\N,\N,Bob,Veith,1926-11-01,American,http://en.wikipedia.org/wiki/Bob_Veith,drivers.csv
515,tingelstad,\N,\N,Bud,Tingelstad,1928-04-04,American,http://en.wikipedia.org/wiki/Bud_Tingelstad,drivers.csv
516,christie,\N,\N,Bob,Christie,1924-04-04,American,http://en.wikipedia.org/wiki/Bob_Christie_(racing_driver),drivers.csv
517,amick,\N,\N,Red,Amick,1929-01-19,American,http://en.wikipedia.org/wiki/Red_Amick,drivers.csv
518,darter,\N,\N,Duane,Carter,1913-05-05,American,http://en.wikipedia.org/wiki/Duane_Carter,drivers.csv
519,homeier,\N,\N,Bill,Homeier,1918-08-31,American,http://en.wikipedia.org/wiki/Bill_Homeier,drivers.csv
520,hartley,\N,\N,Gene,Hartley,1926-01-28,American,http://en.wikipedia.org/wiki/Gene_Hartley,drivers.csv
521,stevenson,\N,\N,Chuck,Stevenson,1919-10-15,American,http://en.wikipedia.org/wiki/Chuck_Stevenson,drivers.csv
522,grim,\N,\N,Bobby,Grim,1924-09-04,American,http://en.wikipedia.org/wiki/Bobby_Grim,drivers.csv
523,templeman,\N,\N,Shorty,Templeman,1919-08-12,American,http://en.wikipedia.org/wiki/Shorty_Templeman,drivers.csv
524,hurtubise,\N,\N,Jim,Hurtubise,1932-12-05,American,http://en.wikipedia.org/wiki/Jim_Hurtubise,drivers.csv
525,bryan,\N,\N,Jimmy,Bryan,1926-01-28,American,http://en.wikipedia.org/wiki/Jimmy_Bryan,drivers.csv
526,ruttman,\N,\N,Troy,Ruttman,1930-03-11,American,http://en.wikipedia.org/wiki/Troy_Ruttman,drivers.csv
527,sachs,\N,\N,Eddie,Sachs,1927-05-28,American,http://en.wikipedia.org/wiki/Eddie_Sachs,drivers.csv
528,freeland,\N,\N,Don,Freeland,1925-03-25,American,http://en.wikipedia.org/wiki/Don_Freeland,drivers.csv
529,bettenhausen,\N,\N,Tony,Bettenhausen,1916-09-12,American,http://en.wikipedia.org/wiki/Tony_Bettenhausen,drivers.csv
530,weiler,\N,\N,Wayne,Weiler,1934-12-09,American,http://en.wikipedia.org/wiki/Wayne_Weiler,drivers.csv
531,foyt,\N,\N,Anthony,Foyt,1935-01-16,American,http://en.wikipedia.org/wiki/A.J._Foyt,drivers.csv
532,russo,\N,\N,Eddie,Russo,1925-11-19,American,http://en.wikipedia.org/wiki/Eddie_Russo,drivers.csv
533,boyd,\N,\N,Johnny,Boyd,1926-08-19,American,http://en.wikipedia.org/wiki/Johnny_Boyd,drivers.csv
534,force,\N,\N,Gene,Force,1916-06-15,American,http://en.wikipedia.org/wiki/Gene_Force,drivers.csv
535,mcwithey,\N,\N,Jim,McWithey,1927-07-04,American,http://en.wikipedia.org/wiki/Jim_McWithey,drivers.csv
536,sutton,\N,\N,Len,Sutton,1925-08-09,American,http://en.wikipedia.org/wiki/Len_Sutton,drivers.csv
537,dick_rathmann,\N,\N,Dick,Rathmann,1924-01-06,American,http://en.wikipedia.org/wiki/Dick_Rathmann,drivers.csv
538,herman,\N,\N,Al,Herman,1927-03-15,American,http://en.wikipedia.org/wiki/Al_Herman,drivers.csv
539,dempsey_wilson,\N,\N,Dempsey,Wilson,1927-03-11,American,http://en.wikipedia.org/wiki/Dempsey_Wilson,drivers.csv
540,mike_taylor,\N,\N,Mike,Taylor,1934-04-24,British,http://en.wikipedia.org/wiki/Mike_Taylor_(driver),drivers.csv
541,flockhart,\N,\N,Ron,Flockhart,1923-06-16,British,http://en.wikipedia.org/wiki/Ron_Flockhart_(auto_racing),drivers.csv
542,piper,\N,\N,David,Piper,1930-12-02,British,http://en.wikipedia.org/wiki/David_Piper,drivers.csv
543,cabianca,\N,\N,Giulio,Cabianca,1923-02-19,Italian,http://en.wikipedia.org/wiki/Giulio_Cabianca,drivers.csv
544,drogo,\N,\N,Piero,Drogo,1926-08-08,Italian,http://en.wikipedia.org/wiki/Piero_Drogo,drivers.csv
545,gamble,\N,\N,Fred,Gamble,1932-03-17,American,http://en.wikipedia.org/wiki/Fred_Gamble_(racing_driver),drivers.csv
546,owen,\N,\N,Arthur,Owen,1915-03-23,British,http://en.wikipedia.org/wiki/Arthur_Owen,drivers.csv
547,gould,\N,\N,Horace,Gould,1918-09-20,British,http://en.wikipedia.org/wiki/Horace_Gould,drivers.csv
548,drake,\N,\N,Bob,Drake,1919-12-14,American,http://en.wikipedia.org/wiki/Bob_Drake_(Formula_One),drivers.csv
549,bueb,\N,\N,Ivor,Bueb,1923-06-06,British,http://en.wikipedia.org/wiki/Ivor_Bueb,drivers.csv
550,Changy,\N,\N,Alain,de Changy,1922-02-05,Belgian,http://en.wikipedia.org/wiki/Alain_de_Changy,drivers.csv
551,filippis,\N,\N,Maria,de Filippis,1926-11-11,Italian,http://en.wikipedia.org/wiki/Maria_Teresa_de_Filippis,drivers.csv
552,lucienbonnet,\N,\N,Jean,Lucienbonnet,1923-01-07,French,http://en.wikipedia.org/wiki/Jean_Lucienbonnet,drivers.csv
553,testut,\N,\N,André,Testut,1926-04-13,Monegasque,http://en.wikipedia.org/wiki/Andr%C3%A9_Testut,drivers.csv
554,behra,\N,\N,Jean,Behra,1921-02-16,French,http://en.wikipedia.org/wiki/Jean_Behra,drivers.csv
555,paul_russo,\N,\N,Paul,Russo,1914-04-10,American,http://en.wikipedia.org/wiki/Paul_Russo,drivers.csv
556,daywalt,\N,\N,Jimmy,Daywalt,1924-08-28,American,http://en.wikipedia.org/wiki/Jimmy_Daywalt,drivers.csv
557,arnold,\N,\N,Chuck,Arnold,1926-05-30,American,http://en.wikipedia.org/wiki/Chuck_Arnold,drivers.csv
558,keller,\N,\N,Al,Keller,1920-04-11,American,http://en.wikipedia.org/wiki/Al_Keller,drivers.csv
559,flaherty,\N,\N,Pat,Flaherty,1926-01-06,American,http://en.wikipedia.org/wiki/Pat_Flaherty_(racing_driver),drivers.csv
560,cheesbourg,\N,\N,Bill,Cheesbourg,1927-06-12,American,http://en.wikipedia.org/wiki/Bill_Cheesbourg,drivers.csv
561,ray_crawford,\N,\N,Ray,Crawford,1915-10-26,American,http://en.wikipedia.org/wiki/Ray_Crawford,drivers.csv
562,turner,\N,\N,Jack,Turner,1920-02-12,American,http://en.wikipedia.org/wiki/Jack_Turner_(driver),drivers.csv
563,weyant,\N,\N,Chuck,Weyant,1923-04-03,American,http://en.wikipedia.org/wiki/Chuck_Weyant,drivers.csv
564,larson,\N,\N,Jud,Larson,1923-01-21,American,http://en.wikipedia.org/wiki/Jud_Larson,drivers.csv
565,magill,\N,\N,Mike,Magill,1920-02-08,American,http://en.wikipedia.org/wiki/Mike_Magill,drivers.csv
566,shelby,\N,\N,Carroll,Shelby,1923-01-11,American,http://en.wikipedia.org/wiki/Carroll_Shelby,drivers.csv
567,orey,\N,\N,Fritz,d'Orey,1938-03-25,Brazilian,http://en.wikipedia.org/wiki/Fritz_d%27Orey,drivers.csv
568,fontes,\N,\N,Azdrubal,Fontes,1922-12-26,Uruguayan,http://en.wikipedia.org/wiki/Azdrubal_Fontes,drivers.csv
569,ashdown,\N,\N,Peter,Ashdown,1934-10-16,British,http://en.wikipedia.org/wiki/Peter_Ashdown,drivers.csv
570,bill_moss,\N,\N,Bill,Moss,1933-09-04,British,http://en.wikipedia.org/wiki/Bill_Moss_(racing_driver),drivers.csv
571,dennis_taylor,\N,\N,Dennis,Taylor,1921-06-12,British,http://en.wikipedia.org/wiki/Dennis_Taylor_(racing_driver),drivers.csv
572,blanchard,\N,\N,Harry,Blanchard,1929-06-13,American,http://en.wikipedia.org/wiki/Harry_Blanchard,drivers.csv
573,tomaso,\N,\N,Alessandro,de Tomaso,1928-07-10,Argentine-Italian,http://en.wikipedia.org/wiki/Alessandro_de_Tomaso,drivers.csv
574,constantine,\N,\N,George,Constantine,1918-02-22,American,http://en.wikipedia.org/wiki/George_Constantine,drivers.csv
575,said,\N,\N,Bob,Said,1932-05-05,American,http://en.wikipedia.org/wiki/Bob_Said,drivers.csv
576,cade,\N,\N,Phil,Cade,1916-06-12,American,http://en.wikipedia.org/wiki/Phil_Cade,drivers.csv
577,musso,\N,\N,Luigi,Musso,1924-07-28,Italian,http://en.wikipedia.org/wiki/Luigi_Musso,drivers.csv
578,hawthorn,\N,\N,Mike,Hawthorn,1929-04-10,British,http://en.wikipedia.org/wiki/Mike_Hawthorn,drivers.csv
579,fangio,\N,\N,Juan,Fangio,1911-06-24,Argentine,http://en.wikipedia.org/wiki/Juan_Manuel_Fangio,drivers.csv
580,godia,\N,\N,Paco,Godia,1921-03-21,Spanish,http://en.wikipedia.org/wiki/Paco_Godia,drivers.csv
581,collins,\N,\N,Peter,Collins,1931-11-06,British,http://en.wikipedia.org/wiki/Peter_Collins_(racing_driver),drivers.csv
582,kavanagh,\N,\N,Ken,Kavanagh,1923-12-12,Australian,http://en.wikipedia.org/wiki/Ken_Kavanagh,drivers.csv
583,gerini,\N,\N,Gerino,Gerini,1928-08-10,Italian,http://en.wikipedia.org/wiki/Gerino_Gerini_(racing_driver),drivers.csv
584,kessler,\N,\N,Bruce,Kessler,1936-03-23,American,http://en.wikipedia.org/wiki/Bruce_Kessler,drivers.csv
585,emery,\N,\N,Paul,Emery,1916-11-12,British,http://en.wikipedia.org/wiki/Paul_Emery,drivers.csv
586,piotti,\N,\N,Luigi,Piotti,1913-10-27,Italian,http://en.wikipedia.org/wiki/Luigi_Piotti,drivers.csv
587,ecclestone,\N,\N,Bernie,Ecclestone,1930-10-28,British,http://en.wikipedia.org/wiki/Bernie_Ecclestone,drivers.csv
588,taramazzo,\N,\N,Luigi,Taramazzo,1932-05-05,Italian,http://en.wikipedia.org/wiki/Luigi_Taramazzo,drivers.csv
589,chiron,\N,\N,Louis,Chiron,1899-08-03,Monegasque,http://en.wikipedia.org/wiki/Louis_Chiron,drivers.csv
590,lewis-evans,\N,\N,Stuart,Lewis-Evans,1930-04-20,British,http://en.wikipedia.org/wiki/Stuart_Lewis-Evans,drivers.csv
591,george_amick,\N,\N,George,Amick,1924-10-24,American,http://en.wikipedia.org/wiki/George_Amick,drivers.csv
592,reece,\N,\N,Jimmy,Reece,1929-11-17,American,http://en.wikipedia.org/wiki/Jimmy_Reece,drivers.csv
593,parsons,\N,\N,Johnnie,Parsons,1918-07-04,American,http://en.wikipedia.org/wiki/Johnnie_Parsons,drivers.csv
594,tolan,\N,\N,Johnnie,Tolan,1917-10-22,American,http://en.wikipedia.org/wiki/Johnnie_Tolan,drivers.csv
595,garrett,\N,\N,Billy,Garrett,1933-04-24,American,http://en.wikipedia.org/wiki/Billy_Garrett,drivers.csv
596,elisian,\N,\N,Ed,Elisian,1926-12-09,American,http://en.wikipedia.org/wiki/Ed_Elisian,drivers.csv
597,connor,\N,\N,Pat,O'Connor,1928-10-09,American,http://en.wikipedia.org/wiki/Pat_O%27Connor_(auto_racer),drivers.csv
598,jerry_unser,\N,\N,Jerry,Unser,1932-11-15,American,http://en.wikipedia.org/wiki/Jerry_Unser,drivers.csv
599,bisch,\N,\N,Art,Bisch,1926-11-10,American,http://en.wikipedia.org/wiki/Art_Bisch,drivers.csv
600,goethals,\N,\N,Christian,Goethals,1928-08-04,Belgian,http://en.wikipedia.org/wiki/Christian_Goethals,drivers.csv
601,gibson,\N,\N,Dick,Gibson,1918-04-16,British,http://en.wikipedia.org/wiki/Dick_Gibson,drivers.csv
602,la_caze,\N,\N,Robert,La Caze,1917-02-26,French,http://en.wikipedia.org/wiki/Robert_La_Caze,drivers.csv
603,guelfi,\N,\N,André,Guelfi,1919-05-06,French,http://en.wikipedia.org/wiki/Andr%C3%A9_Guelfi,drivers.csv
604,picard,\N,\N,François,Picard,1921-04-26,French,http://en.wikipedia.org/wiki/Fran%C3%A7ois_Picard,drivers.csv
605,bridger,\N,\N,Tom,Bridger,1934-06-24,British,http://en.wikipedia.org/wiki/Tom_Bridger,drivers.csv
606,portago,\N,\N,Alfonso,de Portago,1928-10-11,Spanish,http://en.wikipedia.org/wiki/Alfonso_de_Portago,drivers.csv
607,perdisa,\N,\N,Cesare,Perdisa,1932-10-21,Italian,http://en.wikipedia.org/wiki/Cesare_Perdisa,drivers.csv
608,castellotti,\N,\N,Eugenio,Castellotti,1930-10-10,Italian,http://en.wikipedia.org/wiki/Eugenio_Castellotti,drivers.csv
609,simon,\N,\N,André,Simon,1920-01-05,French,http://en.wikipedia.org/wiki/Andr%C3%A9_Simon_(racing_driver),drivers.csv
610,leston,\N,\N,Les,Leston,1920-12-16,British,http://en.wikipedia.org/wiki/Les_Leston,drivers.csv
611,hanks,\N,\N,Sam,Hanks,1914-07-13,American,http://en.wikipedia.org/wiki/Sam_Hanks,drivers.csv
612,linden,\N,\N,Andy,Linden,1922-04-05,American,http://en.wikipedia.org/wiki/Andy_Linden_(racing_driver),drivers.csv
613,teague,\N,\N,Marshall,Teague,1921-02-22,American,http://en.wikipedia.org/wiki/Marshall_Teague_(racing_driver),drivers.csv
614,edmunds,\N,\N,Don,Edmunds,1930-09-23,American,http://en.wikipedia.org/wiki/Don_Edmunds,drivers.csv
615,agabashian,\N,\N,Fred,Agabashian,1913-08-21,American,http://en.wikipedia.org/wiki/Fred_Agabashian,drivers.csv
616,george,\N,\N,Elmer,George,1928-07-15,American,http://en.wikipedia.org/wiki/Elmer_George,drivers.csv
617,macdowel,\N,\N,Mike,MacDowel,1932-09-13,British,http://en.wikipedia.org/wiki/Mike_MacDowel,drivers.csv
618,mackay-fraser,\N,\N,Herbert,MacKay-Fraser,1927-06-23,American,http://en.wikipedia.org/wiki/Herbert_MacKay-Fraser,drivers.csv
619,gerard,\N,\N,Bob,Gerard,1914-01-19,British,http://en.wikipedia.org/wiki/Bob_Gerard,drivers.csv
620,maglioli,\N,\N,Umberto,Maglioli,1928-06-05,Italian,http://en.wikipedia.org/wiki/Umberto_Maglioli,drivers.csv
621,england,\N,\N,Paul,England,1929-03-28,Australian,http://en.wikipedia.org/wiki/Paul_England,drivers.csv
622,landi,\N,\N,Chico,Landi,1907-07-14,Brazilian,http://en.wikipedia.org/wiki/Chico_Landi,drivers.csv
623,uria,\N,\N,Alberto,Uria,1924-07-11,Uruguayan,http://en.wikipedia.org/wiki/Alberto_Uria,drivers.csv
624,ramos,\N,\N,Hernando,da Silva Ramos,1925-12-07,Brazilian,http://en.wikipedia.org/wiki/Hernando_da_Silva_Ramos,drivers.csv
625,bayol,\N,\N,Élie,Bayol,1914-02-28,French,http://en.wikipedia.org/wiki/%C3%89lie_Bayol,drivers.csv
626,manzon,\N,\N,Robert,Manzon,1917-04-12,French,http://en.wikipedia.org/wiki/Robert_Manzon,drivers.csv
627,rosier,\N,\N,Louis,Rosier,1905-11-05,French,http://en.wikipedia.org/wiki/Louis_Rosier,drivers.csv
628,sweikert,\N,\N,Bob,Sweikert,1926-05-20,American,http://en.wikipedia.org/wiki/Bob_Sweikert,drivers.csv
629,griffith,\N,\N,Cliff,Griffith,1916-02-06,American,http://en.wikipedia.org/wiki/Cliff_Griffith,drivers.csv
630,dinsmore,\N,\N,Duke,Dinsmore,1913-04-10,American,http://en.wikipedia.org/wiki/Duke_Dinsmore,drivers.csv
631,andrews,\N,\N,Keith,Andrews,1920-06-15,American,http://en.wikipedia.org/wiki/Keith_Andrews_(driver),drivers.csv
632,frere,\N,\N,Paul,Frère,1917-01-30,Belgian,http://en.wikipedia.org/wiki/Paul_Fr%C3%A8re,drivers.csv
633,villoresi,\N,\N,Luigi,Villoresi,1909-05-16,Italian,http://en.wikipedia.org/wiki/Luigi_Villoresi,drivers.csv
634,scotti,\N,\N,Piero,Scotti,1909-11-11,Italian,http://en.wikipedia.org/wiki/Piero_Scotti,drivers.csv
635,chapman,\N,\N,Colin,Chapman,1928-05-19,British,http://en.wikipedia.org/wiki/Colin_Chapman,drivers.csv
636,titterington,\N,\N,Desmond,Titterington,1928-05-01,British,http://en.wikipedia.org/wiki/Desmond_Titterington,drivers.csv
637,scott_Brown,\N,\N,Archie,Scott Brown,1927-05-13,British,http://en.wikipedia.org/wiki/Archie_Scott_Brown,drivers.csv
638,volonterio,\N,\N,Ottorino,Volonterio,1917-12-07,Swiss,http://en.wikipedia.org/wiki/Ottorino_Volonterio,drivers.csv
639,milhoux,\N,\N,André,Milhoux,1928-12-09,Belgian,http://en.wikipedia.org/wiki/Andr%C3%A9_Milhoux,drivers.csv
640,graffenried,\N,\N,Toulo,de Graffenried,1914-05-18,Swiss,http://en.wikipedia.org/wiki/Toulo_de_Graffenried,drivers.csv
641,taruffi,\N,\N,Piero,Taruffi,1906-10-12,Italian,http://en.wikipedia.org/wiki/Piero_Taruffi,drivers.csv
642,farina,\N,\N,Nino,Farina,1906-10-30,Italian,http://en.wikipedia.org/wiki/Nino_Farina,drivers.csv
643,mieres,\N,\N,Roberto,Mieres,1924-12-03,Argentine,http://en.wikipedia.org/wiki/Roberto_Mieres,drivers.csv
644,mantovani,\N,\N,Sergio,Mantovani,1929-05-22,Italian,http://en.wikipedia.org/wiki/Sergio_Mantovani,drivers.csv
645,bucci,\N,\N,Clemar,Bucci,1920-09-04,Argentine,http://en.wikipedia.org/wiki/Clemar_Bucci,drivers.csv
646,iglesias,\N,\N,Jesús,Iglesias,1922-02-22,Argentine,http://en.wikipedia.org/wiki/Jes%C3%BAs_Iglesias,drivers.csv
647,ascari,\N,\N,Alberto,Ascari,1918-07-13,Italian,http://en.wikipedia.org/wiki/Alberto_Ascari,drivers.csv
648,kling,\N,\N,Karl,Kling,1910-09-16,German,http://en.wikipedia.org/wiki/Karl_Kling,drivers.csv
649,birger,\N,\N,Pablo,Birger,1924-01-07,Argentine,http://en.wikipedia.org/wiki/Pablo_Birger,drivers.csv
650,pollet,\N,\N,Jacques,Pollet,1922-07-02,French,http://en.wikipedia.org/wiki/Jacques_Pollet,drivers.csv
651,macklin,\N,\N,Lance,Macklin,1919-09-02,British,http://en.wikipedia.org/wiki/Lance_Macklin,drivers.csv
652,whiteaway,\N,\N,Ted,Whiteaway,1928-11-01,British,http://en.wikipedia.org/wiki/Ted_Whiteaway,drivers.csv
653,davies,\N,\N,Jimmy,Davies,1929-08-08,American,http://en.wikipedia.org/wiki/Jimmy_Davies,drivers.csv
654,faulkner,\N,\N,Walt,Faulkner,1920-02-16,American,http://en.wikipedia.org/wiki/Walt_Faulkner,drivers.csv
655,niday,\N,\N,Cal,Niday,1914-04-29,American,http://en.wikipedia.org/wiki/Cal_Niday,drivers.csv
656,cross,\N,\N,Art,Cross,1918-01-24,American,http://en.wikipedia.org/wiki/Art_Cross,drivers.csv
657,vukovich,\N,\N,Bill,Vukovich,1918-12-13,American,http://en.wikipedia.org/wiki/Bill_Vukovich,drivers.csv
658,mcgrath,\N,\N,Jack,McGrath,1919-10-08,American,http://en.wikipedia.org/wiki/Jack_McGrath_(racing_driver),drivers.csv
659,hoyt,\N,\N,Jerry,Hoyt,1929-01-29,American,http://en.wikipedia.org/wiki/Jerry_Hoyt,drivers.csv
660,claes,\N,\N,Johnny,Claes,1916-08-11,Belgian,http://en.wikipedia.org/wiki/Johnny_Claes,drivers.csv
661,peter_walker,\N,\N,Peter,Walker,1912-10-07,British,http://en.wikipedia.org/wiki/Peter_Walker_(driver),drivers.csv
662,sparken,\N,\N,Mike,Sparken,1930-06-16,French,http://en.wikipedia.org/wiki/Mike_Sparken,drivers.csv
663,wharton,\N,\N,Ken,Wharton,1916-03-21,British,http://en.wikipedia.org/wiki/Ken_Wharton,drivers.csv
664,mcalpine,\N,\N,Kenneth,McAlpine,1920-09-21,British,http://en.wikipedia.org/wiki/Kenneth_McAlpine,drivers.csv
665,marr,\N,\N,Leslie,Marr,1922-08-14,British,http://en.wikipedia.org/wiki/Leslie_Marr,drivers.csv
666,rolt,\N,\N,Tony,Rolt,1918-10-16,British,http://en.wikipedia.org/wiki/Tony_Rolt,drivers.csv
667,fitch,\N,\N,John,Fitch,1917-08-04,American,http://en.wikipedia.org/wiki/John_Fitch_(driver),drivers.csv
668,lucas,\N,\N,Jean,Lucas,1917-04-25,French,http://en.wikipedia.org/wiki/Jean_Lucas,drivers.csv
669,bira,\N,\N,Prince,Bira,1914-07-15,Thai,http://en.wikipedia.org/wiki/Prince_Bira,drivers.csv
670,marimon,\N,\N,Onofre,Marimón,1923-12-19,Argentine,http://en.wikipedia.org/wiki/Onofre_Marim%C3%B3n,drivers.csv
671,loyer,\N,\N,Roger,Loyer,1907-08-05,French,http://en.wikipedia.org/wiki/Roger_Loyer,drivers.csv
672,daponte,\N,\N,Jorge,Daponte,1923-06-05,Argentine,http://en.wikipedia.org/wiki/Jorge_Daponte,drivers.csv
673,nazaruk,\N,\N,Mike,Nazaruk,1921-10-02,American,http://en.wikipedia.org/wiki/Mike_Nazaruk,drivers.csv
674,crockett,\N,\N,Larry,Crockett,1926-10-23,American,http://en.wikipedia.org/wiki/Larry_Crockett,drivers.csv
675,ayulo,\N,\N,Manny,Ayulo,1921-10-20,American,http://en.wikipedia.org/wiki/Manny_Ayulo,drivers.csv
676,armi,\N,\N,Frank,Armi,1918-10-12,American,http://en.wikipedia.org/wiki/Frank_Armi,drivers.csv
677,webb,\N,\N,Travis,Webb,1910-10-08,American,http://en.wikipedia.org/wiki/Travis_Webb,drivers.csv
678,duncan,\N,\N,Len,Duncan,1911-07-25,American,http://en.wikipedia.org/wiki/Len_Duncan,drivers.csv
679,mccoy,\N,\N,Ernie,McCoy,1921-02-19,American,http://en.wikipedia.org/wiki/Ernie_McCoy,drivers.csv
680,swaters,\N,\N,Jacques,Swaters,1926-10-30,American,http://en.wikipedia.org/wiki/Jacques_Swaters,drivers.csv
681,georges_berger,\N,\N,Georges,Berger,1918-09-14,Belgian,http://en.wikipedia.org/wiki/Georges_Berger,drivers.csv
682,beauman,\N,\N,Don,Beauman,1928-07-26,British,http://en.wikipedia.org/wiki/Don_Beauman,drivers.csv
683,thorne,\N,\N,Leslie,Thorne,1916-06-23,British,http://en.wikipedia.org/wiki/Leslie_Thorne,drivers.csv
684,whitehouse,\N,\N,Bill,Whitehouse,1909-04-01,British,http://en.wikipedia.org/wiki/Bill_Whitehouse,drivers.csv
685,riseley_prichard,\N,\N,John,Riseley-Prichard,1924-01-17,British,http://en.wikipedia.org/wiki/John_Riseley-Prichard,drivers.csv
686,reg_parnell,\N,\N,Reg,Parnell,1911-07-02,British,http://en.wikipedia.org/wiki/Reg_Parnell,drivers.csv
687,whitehead,\N,\N,Peter,Whitehead,1914-11-12,British,http://en.wikipedia.org/wiki/Peter_Whitehead_(racing_driver),drivers.csv
688,brandon,\N,\N,Eric,Brandon,1920-07-18,British,http://en.wikipedia.org/wiki/Eric_Brandon,drivers.csv
689,alan_brown,\N,\N,Alan,Brown,1919-11-20,British,http://en.wikipedia.org/wiki/Alan_Brown_(racing_driver),drivers.csv
690,nuckey,\N,\N,Rodney,Nuckey,1929-06-26,British,http://en.wikipedia.org/wiki/Rodney_Nuckey,drivers.csv
691,lang,\N,\N,Hermann,Lang,1909-04-06,German,http://en.wikipedia.org/wiki/Hermann_Lang,drivers.csv
692,helfrich,\N,\N,Theo,Helfrich,1913-05-13,German,http://en.wikipedia.org/wiki/Theo_Helfrich,drivers.csv
693,wacker,\N,\N,Fred,Wacker,1918-07-10,American,http://en.wikipedia.org/wiki/Fred_Wacker,drivers.csv
694,riu,\N,\N,Giovanni,de Riu,1925-03-10,Italian,http://en.wikipedia.org/wiki/Giovanni_de_Riu,drivers.csv
695,galvez,\N,\N,Oscar,Gálvez,1913-08-17,Argentine,http://en.wikipedia.org/wiki/%C3%93scar_Alfredo_G%C3%A1lvez,drivers.csv
696,john_barber,\N,\N,John,Barber,1929-07-22,British,http://en.wikipedia.org/wiki/John_Barber_(racing_driver),drivers.csv
697,bonetto,\N,\N,Felice,Bonetto,1903-06-09,Italian,http://en.wikipedia.org/wiki/Felice_Bonetto,drivers.csv
698,cruz,\N,\N,Adolfo,Cruz,1923-06-28,Argentine,http://en.wikipedia.org/wiki/Adolfo_Schewelm_Cruz,drivers.csv
699,nalon,\N,\N,Duke,Nalon,1913-03-02,American,http://en.wikipedia.org/wiki/Duke_Nalon,drivers.csv
700,scarborough,\N,\N,Carl,Scarborough,1914-07-03,American,http://en.wikipedia.org/wiki/Carl_Scarborough,drivers.csv
701,holland,\N,\N,Bill,Holland,1907-12-18,American,http://en.wikipedia.org/wiki/Bill_Holland,drivers.csv
702,bob_scott,\N,\N,Bob,Scott,1928-10-04,American,http://en.wikipedia.org/wiki/Bob_Scott_(auto_racer),drivers.csv
703,legat,\N,\N,Arthur,Legat,1898-11-01,Belgian,http://en.wikipedia.org/wiki/Arthur_Legat,drivers.csv
704,cabantous,\N,\N,Yves,Cabantous,1904-10-08,French,http://en.wikipedia.org/wiki/Yves_Giraud_Cabantous,drivers.csv
705,crook,\N,\N,Tony,Crook,1920-02-16,British,http://en.wikipedia.org/wiki/Tony_Crook,drivers.csv
706,jimmy_stewart,\N,\N,Jimmy,Stewart,1931-03-06,British,http://en.wikipedia.org/wiki/Jimmy_Stewart_(racing_driver),drivers.csv
707,ian_stewart,\N,\N,Ian,Stewart,1929-07-15,British,http://en.wikipedia.org/wiki/Ian_Stewart_(racing_driver),drivers.csv
708,duncan_hamilton,\N,\N,Duncan,Hamilton,1920-04-30,British,http://en.wikipedia.org/wiki/Duncan_Hamilton_(racing_driver),drivers.csv
709,klodwig,\N,\N,Ernst,Klodwig,1903-05-23,East German,http://en.wikipedia.org/wiki/Ernst_Klodwig,drivers.csv
710,krause,\N,\N,Rudolf,Krause,1907-03-30,East German,http://en.wikipedia.org/wiki/Rudolf_Krause,drivers.csv
711,karch,\N,\N,Oswald,Karch,1917-03-06,German,http://en.wikipedia.org/wiki/Oswald_Karch,drivers.csv
712,heeks,\N,\N,Willi,Heeks,1922-02-13,German,http://en.wikipedia.org/wiki/Willi_Heeks,drivers.csv
713,fitzau,\N,\N,Theo,Fitzau,1923-02-10,East German,http://en.wikipedia.org/wiki/Theo_Fitzau,drivers.csv
714,adolff,\N,\N,Kurt,Adolff,1921-11-05,German,http://en.wikipedia.org/wiki/Kurt_Adolff,drivers.csv
715,bechem,\N,\N,Günther,Bechem,1921-12-21,German,http://en.wikipedia.org/wiki/G%C3%BCnther_Bechem,drivers.csv
716,bauer,\N,\N,Erwin,Bauer,1912-07-17,German,http://en.wikipedia.org/wiki/Erwin_Bauer,drivers.csv
717,hans_stuck,\N,\N,Hans,von Stuck,1900-12-27,German,http://en.wikipedia.org/wiki/Hans_Von_Stuck,drivers.csv
718,loof,\N,\N,Ernst,Loof,1907-07-04,German,http://en.wikipedia.org/wiki/Ernst_Loof,drivers.csv
719,scherrer,\N,\N,Albert,Scherrer,1908-02-28,Swiss,http://en.wikipedia.org/wiki/Albert_Scherrer,drivers.csv
720,terra,\N,\N,Max,de Terra,1918-10-06,Swiss,http://en.wikipedia.org/wiki/Max_de_Terra,drivers.csv
721,hirt,\N,\N,Peter,Hirt,1910-03-30,Swiss,http://en.wikipedia.org/wiki/Peter_Hirt,drivers.csv
722,carini,\N,\N,Piero,Carini,1921-03-06,Italian,http://en.wikipedia.org/wiki/Piero_Carini,drivers.csv
723,fischer,\N,\N,Rudi,Fischer,1912-04-19,Swiss,http://en.wikipedia.org/wiki/Rudi_Fischer,drivers.csv
724,ulmen,\N,\N,Toni,Ulmen,1906-01-25,German,http://en.wikipedia.org/wiki/Toni_Ulmen,drivers.csv
725,abecassis,\N,\N,George,Abecassis,1913-03-21,British,http://en.wikipedia.org/wiki/George_Abecassis,drivers.csv
726,george_connor,\N,\N,George,Connor,1906-08-16,American,http://en.wikipedia.org/wiki/George_Connor_(driver),drivers.csv
727,rigsby,\N,\N,Jim,Rigsby,1923-06-06,American,http://en.wikipedia.org/wiki/Jim_Rigsby,drivers.csv
728,james,\N,\N,Joe,James,1925-05-23,American,http://en.wikipedia.org/wiki/Joe_James_(racing_driver),drivers.csv
729,schindler,\N,\N,Bill,Schindler,1909-03-06,American,http://en.wikipedia.org/wiki/Bill_Schindler,drivers.csv
730,fonder,\N,\N,George,Fonder,1917-06-22,American,http://en.wikipedia.org/wiki/George_Fonder,drivers.csv
731,banks,\N,\N,Henry,Banks,1913-06-14,American,http://en.wikipedia.org/wiki/Henry_Banks,drivers.csv
732,mcdowell,\N,\N,Johnny,McDowell,1915-01-29,American,http://en.wikipedia.org/wiki/Johnny_McDowell,drivers.csv
733,miller,\N,\N,Chet,Miller,1902-07-19,American,http://en.wikipedia.org/wiki/Chet_Miller,drivers.csv
734,ball,\N,\N,Bobby,Ball,1925-08-26,American,http://en.wikipedia.org/wiki/Bobby_Ball_(auto_racer),drivers.csv
735,tornaco,\N,\N,Charles,de Tornaco,1927-06-07,Belgian,http://en.wikipedia.org/wiki/Charles_de_Tornaco,drivers.csv
736,laurent,\N,\N,Roger,Laurent,1913-02-21,Belgian,http://en.wikipedia.org/wiki/Roger_Laurent,drivers.csv
737,obrien,\N,\N,Robert,O'Brien,1908-04-11,American,http://en.wikipedia.org/wiki/Robert_O%27Brien_(auto_racer),drivers.csv
738,gaze,\N,\N,Tony,Gaze,1920-02-03,Australian,http://en.wikipedia.org/wiki/Tony_Gaze,drivers.csv
739,charrington,\N,\N,Robin,Montgomerie-Charrington,1915-06-23,British,http://en.wikipedia.org/wiki/Robin_Montgomerie-Charrington,drivers.csv
740,comotti,\N,\N,Franco,Comotti,1906-07-24,Italian,http://en.wikipedia.org/wiki/Franco_Comotti,drivers.csv
741,etancelin,\N,\N,Philippe,Étancelin,1896-12-28,French,http://en.wikipedia.org/wiki/Philippe_%C3%89tancelin,drivers.csv
742,poore,\N,\N,Dennis,Poore,1916-08-19,British,http://en.wikipedia.org/wiki/Dennis_Poore,drivers.csv
743,thompson,\N,\N,Eric,Thompson,1919-11-04,British,http://en.wikipedia.org/wiki/Eric_Thompson_(racing_driver),drivers.csv
744,downing,\N,\N,Ken,Downing,1917-12-05,British,http://en.wikipedia.org/wiki/Ken_Downing,drivers.csv
745,graham_whitehead,\N,\N,Graham,Whitehead,1922-04-15,British,http://en.wikipedia.org/wiki/Graham_Whitehead,drivers.csv
746,bianco,\N,\N,Gino,Bianco,1916-07-22,Brazilian,http://en.wikipedia.org/wiki/Gino_Bianco,drivers.csv
747,murray,\N,\N,David,Murray,1909-12-28,British,http://en.wikipedia.org/wiki/David_Murray_(driver),drivers.csv
748,cantoni,\N,\N,Eitel,Cantoni,1906-10-04,Uruguayan,http://en.wikipedia.org/wiki/Eitel_Cantoni,drivers.csv
749,aston,\N,\N,Bill,Aston,1900-03-29,British,http://en.wikipedia.org/wiki/Bill_Aston,drivers.csv
750,brudes,\N,\N,Adolf,Brudes,1899-10-15,German,http://en.wikipedia.org/wiki/Adolf_Brudes,drivers.csv
751,riess,\N,\N,Fritz,Riess,1922-07-11,German,http://en.wikipedia.org/wiki/Fritz_Riess,drivers.csv
752,niedermayr,\N,\N,Helmut,Niedermayr,1915-11-29,German,http://en.wikipedia.org/wiki/Helmut_Niedermayr,drivers.csv
753,klenk,\N,\N,Hans,Klenk,1919-10-28,German,http://en.wikipedia.org/wiki/Hans_Klenk,drivers.csv
754,balsa,\N,\N,Marcel,Balsa,1909-01-01,French,http://en.wikipedia.org/wiki/Marcel_Balsa,drivers.csv
755,schoeller,\N,\N,Rudolf,Schoeller,1902-04-27,Swiss,http://en.wikipedia.org/wiki/Rudolf_Schoeller,drivers.csv
756,pietsch,\N,\N,Paul,Pietsch,1911-06-20,German,http://en.wikipedia.org/wiki/Paul_Pietsch,drivers.csv
757,peters,\N,\N,Josef,Peters,1914-09-16,German,http://en.wikipedia.org/wiki/Josef_Peters_(driver),drivers.csv
758,lof,\N,\N,Dries,van der Lof,1919-08-23,Dutch,http://en.wikipedia.org/wiki/Dries_van_der_Lof,drivers.csv
759,flinterman,\N,\N,Jan,Flinterman,1919-10-02,Dutch,http://en.wikipedia.org/wiki/Jan_Flinterman,drivers.csv
760,dusio,\N,\N,Piero,Dusio,1899-10-13,Italian,http://en.wikipedia.org/wiki/Piero_Dusio,drivers.csv
761,crespo,\N,\N,Alberto,Crespo,1920-01-16,Argentine,http://en.wikipedia.org/wiki/Alberto_Crespo,drivers.csv
762,rol,\N,\N,Franco,Rol,1908-06-05,Italian,http://en.wikipedia.org/wiki/Franco_Rol,drivers.csv
763,sanesi,\N,\N,Consalvo,Sanesi,1911-03-28,Italian,http://en.wikipedia.org/wiki/Consalvo_Sanesi,drivers.csv
764,guy_mairesse,\N,\N,Guy,Mairesse,1910-08-10,French,http://en.wikipedia.org/wiki/Guy_Mairesse,drivers.csv
765,louveau,\N,\N,Henri,Louveau,1910-01-25,French,http://en.wikipedia.org/wiki/Henri_Louveau,drivers.csv
766,wallard,\N,\N,Lee,Wallard,1910-09-07,American,http://en.wikipedia.org/wiki/Lee_Wallard,drivers.csv
767,forberg,\N,\N,Carl,Forberg,1911-03-04,American,http://en.wikipedia.org/wiki/Carl_Forberg,drivers.csv
768,rose,\N,\N,Mauri,Rose,1906-05-26,American,http://en.wikipedia.org/wiki/Mauri_Rose,drivers.csv
769,mackey,\N,\N,Bill,Mackey,1927-12-15,American,http://en.wikipedia.org/wiki/Bill_Mackey,drivers.csv
770,green,\N,\N,Cecil,Green,1919-09-30,American,http://en.wikipedia.org/wiki/Cecil_Green,drivers.csv
771,walt_brown,\N,\N,Walt,Brown,1911-12-30,American,http://en.wikipedia.org/wiki/Walt_Brown_(auto_racer),drivers.csv
772,hellings,\N,\N,Mack,Hellings,1915-09-14,American,http://en.wikipedia.org/wiki/Mack_Hellings,drivers.csv
773,levegh,\N,\N,Pierre,Levegh,1905-12-22,French,http://en.wikipedia.org/wiki/Pierre_Levegh,drivers.csv
774,chaboud,\N,\N,Eugène,Chaboud,1907-04-12,French,http://en.wikipedia.org/wiki/Eug%C3%A8ne_Chaboud,drivers.csv
775,gordini,\N,\N,Aldo,Gordini,1921-05-20,French,http://en.wikipedia.org/wiki/Aldo_Gordini,drivers.csv
776,kelly,\N,\N,Joe,Kelly,1913-03-13,Irish,http://en.wikipedia.org/wiki/Joe_Kelly_(Formula_One),drivers.csv
777,parker,\N,\N,Philip,Fotheringham-Parker,1907-09-22,British,http://en.wikipedia.org/wiki/Philip_Fotheringham-Parker,drivers.csv
778,shawe_taylor,\N,\N,Brian,Shawe Taylor,1915-01-28,British,http://en.wikipedia.org/wiki/Brian_Shawe_Taylor,drivers.csv
779,john_james,\N,\N,John,James,1914-05-10,British,http://en.wikipedia.org/wiki/John_James_(auto_racer),drivers.csv
780,branca,\N,\N,Toni,Branca,1916-09-15,Swiss,http://en.wikipedia.org/wiki/Toni_Branca,drivers.csv
781,richardson,\N,\N,Ken,Richardson,1911-08-21,British,http://en.wikipedia.org/wiki/Ken_Richardson_(race_car_driver),drivers.csv
782,jover,\N,\N,Juan,Jover,1903-11-23,Spanish,http://en.wikipedia.org/wiki/Juan_Jover,drivers.csv
783,grignard,\N,\N,Georges,Grignard,1905-07-25,French,http://en.wikipedia.org/wiki/Georges_Grignard,drivers.csv
784,hampshire,\N,\N,David,Hampshire,1917-12-29,British,http://en.wikipedia.org/wiki/David_Hampshire,drivers.csv
785,crossley,\N,\N,Geoff,Crossley,1921-05-11,British,http://en.wikipedia.org/wiki/Geoff_Crossley,drivers.csv
786,fagioli,\N,\N,Luigi,Fagioli,1898-06-09,Italian,http://en.wikipedia.org/wiki/Luigi_Fagioli,drivers.csv
787,harrison,\N,\N,Cuth,Harrison,1906-07-06,British,http://en.wikipedia.org/wiki/Cuth_Harrison,drivers.csv
788,fry,\N,\N,Joe,Fry,1915-10-26,British,http://en.wikipedia.org/wiki/Joe_Fry,drivers.csv
789,martin,\N,\N,Eugène,Martin,1915-03-24,French,http://en.wikipedia.org/wiki/Eug%C3%A8ne_Martin,drivers.csv
790,leslie_johnson,\N,\N,Leslie,Johnson,1912-03-22,British,http://en.wikipedia.org/wiki/Leslie_Johnson_(racing_driver),drivers.csv
791,biondetti,\N,\N,Clemente,Biondetti,1898-08-18,Italian,http://en.wikipedia.org/wiki/Clemente_Biondetti,drivers.csv
792,pian,\N,\N,Alfredo,Pián,1912-10-21,Argentine,http://en.wikipedia.org/wiki/Alfredo_Pi%C3%A0n,drivers.csv
793,sommer,\N,\N,Raymond,Sommer,1906-08-31,French,http://en.wikipedia.org/wiki/Raymond_Sommer,drivers.csv
794,chitwood,\N,\N,Joie,Chitwood,1912-04-14,American,http://en.wikipedia.org/wiki/Joie_Chitwood,drivers.csv
795,fohr,\N,\N,Myron,Fohr,1912-06-17,American,http://en.wikipedia.org/wiki/Myron_Fohr,drivers.csv
796,ader,\N,\N,Walt,Ader,1913-12-15,American,http://en.wikipedia.org/wiki/Walt_Ader,drivers.csv
797,holmes,\N,\N,Jackie,Holmes,1920-09-04,American,http://en.wikipedia.org/wiki/Jackie_Holmes,drivers.csv
798,levrett,\N,\N,Bayliss,Levrett,1914-02-14,American,http://en.wikipedia.org/wiki/Bayliss_Levrett,drivers.csv
799,jackson,\N,\N,Jimmy,Jackson,1910-07-25,American,http://en.wikipedia.org/wiki/Jimmy_Jackson_(driver),drivers.csv
800,pagani,\N,\N,Nello,Pagani,1911-10-11,Italian,http://en.wikipedia.org/wiki/Nello_Pagani,drivers.csv
801,pozzi,\N,\N,Charles,Pozzi,1909-08-27,French,http://en.wikipedia.org/wiki/Charles_Pozzi,drivers.csv
802,serafini,\N,\N,Dorino,Serafini,1909-07-22,Italian,http://en.wikipedia.org/wiki/Dorino_Serafini,drivers.csv
803,cantrell,\N,\N,Bill,Cantrell,1908-01-31,American,http://en.wikipedia.org/wiki/William_Cantrell,drivers.csv
804,mantz,\N,\N,Johnny,Mantz,1918-09-18,American,http://en.wikipedia.org/wiki/Johnny_Mantz,drivers.csv
805,kladis,\N,\N,Danny,Kladis,1917-02-10,American,http://en.wikipedia.org/wiki/Danny_Kladis,drivers.csv
806,oscar_gonzalez,\N,\N,Óscar,González,1923-11-10,Uruguayan,http://en.wikipedia.org/wiki/Oscar_Gonz%C3%A1lez_(racing_driver),drivers.csv
807,hulkenberg,27,HUL,Nico,Hülkenberg,1987-08-19,German,http://en.wikipedia.org/wiki/Nico_H%C3%BClkenberg,drivers.csv
808,petrov,\N,PET,Vitaly,Petrov,1984-09-08,Russian,http://en.wikipedia.org/wiki/Vitaly_Petrov,drivers.csv
810,grassi,\N,DIG,Lucas,di Grassi,1984-08-11,Brazilian,http://en.wikipedia.org/wiki/Lucas_di_Grassi,drivers.csv
811,bruno_senna,\N,SEN,Bruno,Senna,1983-10-15,Brazilian,http://en.wikipedia.org/wiki/Bruno_Senna,drivers.csv
812,chandhok,\N,CHA,Karun,Chandhok,1984-01-19,Indian,http://en.wikipedia.org/wiki/Karun_Chandhok,drivers.csv
813,maldonado,13,MAL,Pastor,Maldonado,1985-03-09,Venezuelan,http://en.wikipedia.org/wiki/Pastor_Maldonado,drivers.csv
814,resta,\N,DIR,Paul,di Resta,1986-04-16,British,http://en.wikipedia.org/wiki/Paul_di_Resta,drivers.csv
815,perez,11,PER,Sergio,Pérez,1990-01-26,Mexican,http://en.wikipedia.org/wiki/Sergio_P%C3%A9rez,drivers.csv
816,ambrosio,\N,DAM,Jérôme,d'Ambrosio,1985-12-27,Belgian,http://en.wikipedia.org/wiki/J%C3%A9r%C3%B4me_d%27Ambrosio,drivers.csv
817,ricciardo,3,RIC,Daniel,Ricciardo,1989-07-01,Australian,http://en.wikipedia.org/wiki/Daniel_Ricciardo,drivers.csv
818,vergne,25,VER,Jean-Éric,Vergne,1990-04-25,French,http://en.wikipedia.org/wiki/Jean-%C3%89ric_Vergne,drivers.csv
819,pic,\N,PIC,Charles,Pic,1990-02-15,French,http://en.wikipedia.org/wiki/Charles_Pic,drivers.csv
820,chilton,4,CHI,Max,Chilton,1991-04-21,British,http://en.wikipedia.org/wiki/Max_Chilton,drivers.csv
821,gutierrez,21,GUT,Esteban,Gutiérrez,1991-08-05,Mexican,http://en.wikipedia.org/wiki/Esteban_Guti%C3%A9rrez,drivers.csv
822,bottas,77,BOT,Valtteri,Bottas,1989-08-28,Finnish,http://en.wikipedia.org/wiki/Valtteri_Bottas,drivers.csv
823,garde,\N,VDG,Giedo,van der Garde,1985-04-25,Dutch,http://en.wikipedia.org/wiki/Giedo_van_der_Garde,drivers.csv
824,jules_bianchi,17,BIA,Jules,Bianchi,1989-08-03,French,http://en.wikipedia.org/wiki/Jules_Bianchi,drivers.csv
825,kevin_magnussen,20,MAG,Kevin,Magnussen,1992-10-05,Danish,http://en.wikipedia.org/wiki/Kevin_Magnussen,drivers.csv
826,kvyat,26,KVY,Daniil,Kvyat,1994-04-26,Russian,http://en.wikipedia.org/wiki/Daniil_Kvyat,drivers.csv
827,lotterer,45,LOT,André,Lotterer,1981-11-19,German,http://en.wikipedia.org/wiki/Andr%C3%A9_Lotterer,drivers.csv
828,ericsson,9,ERI,Marcus,Ericsson,1990-09-02,Swedish,http://en.wikipedia.org/wiki/Marcus_Ericsson,drivers.csv
829,stevens,28,STE,Will,Stevens,1991-06-28,British,http://en.wikipedia.org/wiki/Will_Stevens,drivers.csv
830,max_verstappen,33,VER,Max,Verstappen,1997-09-30,Dutch,http://en.wikipedia.org/wiki/Max_Verstappen,drivers.csv
831,nasr,12,NAS,Felipe,Nasr,1992-08-21,Brazilian,http://en.wikipedia.org/wiki/Felipe_Nasr,drivers.csv
832,sainz,55,SAI,Carlos,Sainz,1994-09-01,Spanish,http://en.wikipedia.org/wiki/Carlos_Sainz_Jr.,drivers.csv
833,merhi,98,MER,Roberto,Merhi,1991-03-22,Spanish,http://en.wikipedia.org/wiki/Roberto_Merhi,drivers.csv
834,rossi,53,RSS,Alexander,Rossi,1991-09-25,American,http://en.wikipedia.org/wiki/Alexander_Rossi_%28racing_driver%29,drivers.csv
835,jolyon_palmer,30,PAL,Jolyon,Palmer,1991-01-20,British,http://en.wikipedia.org/wiki/Jolyon_Palmer,drivers.csv
836,wehrlein,94,WEH,Pascal,Wehrlein,1994-10-18,German,http://en.wikipedia.org/wiki/Pascal_Wehrlein,drivers.csv
837,haryanto,88,HAR,Rio,Haryanto,1993-01-22,Indonesian,http://en.wikipedia.org/wiki/Rio_Haryanto,drivers.csv
838,vandoorne,2,VAN,Stoffel,Vandoorne,1992-03-26,Belgian,http://en.wikipedia.org/wiki/Stoffel_Vandoorne,drivers.csv
839,ocon,31,OCO,Esteban,Ocon,1996-09-17,French,http://en.wikipedia.org/wiki/Esteban_Ocon,drivers.csv
840,stroll,18,STR,Lance,Stroll,1998-10-29,Canadian,http://en.wikipedia.org/wiki/Lance_Stroll,drivers.csv
841,giovinazzi,99,GIO,Antonio,Giovinazzi,1993-12-14,Italian,http://en.wikipedia.org/wiki/Antonio_Giovinazzi,drivers.csv
843,brendon_hartley,28,HAR,Brendon,Hartley,1989-11-10,New Zealander,http://en.wikipedia.org/wiki/Brendon_Hartley,drivers.csv
844,leclerc,16,LEC,Charles,Leclerc,1997-10-16,Monegasque,http://en.wikipedia.org/wiki/Charles_Leclerc,drivers.csv
845,sirotkin,35,SIR,Sergey,Sirotkin,1995-08-27,Russian,http://en.wikipedia.org/wiki/Sergey_Sirotkin_(racing_driver),drivers.csv
846,norris,4,NOR,Lando,Norris,1999-11-13,British,http://en.wikipedia.org/wiki/Lando_Norris,drivers.csv
847,russell,63,RUS,George,Russell,1998-02-15,British,http://en.wikipedia.org/wiki/George_Russell_%28racing_driver%29,drivers.csv
848,albon,23,ALB,Alexander,Albon,1996-03-23,Thai,http://en.wikipedia.org/wiki/Alexander_Albon,drivers.csv
849,latifi,6,LAT,Nicholas,Latifi,1995-06-29,Canadian,http://en.wikipedia.org/wiki/Nicholas_Latifi,drivers.csv
850,pietro_fittipaldi,51,FIT,Pietro,Fittipaldi,1996-06-25,Brazilian,http://en.wikipedia.org/wiki/Pietro_Fittipaldi,drivers.csv
851,aitken,89,AIT,Jack,Aitken,1995-09-23,British,http://en.wikipedia.org/wiki/Jack_Aitken,drivers.csv
852,tsunoda,22,TSU,Yuki,Tsunoda,2000-05-11,Japanese,http://en.wikipedia.org/wiki/Yuki_Tsunoda,drivers.csv
853,mazepin,9,MAZ,Nikita,Mazepin,1999-03-02,Russian,http://en.wikipedia.org/wiki/Nikita_Mazepin,drivers.csv
854,mick_schumacher,47,MSC,Mick,Schumacher,1999-03-22,German,http://en.wikipedia.org/wiki/Mick_Schumacher,drivers.csv
855,zhou,24,ZHO,Guanyu,Zhou,1999-05-30,Chinese,http://en.wikipedia.org/wiki/Guanyu_Zhou,drivers.csv
856,de_vries,21,DEV,Nyck,de Vries,1995-02-06,Dutch,http://en.wikipedia.org/wiki/Nyck_de_Vries,drivers.csv
857,piastri,81,PIA,Oscar,Piastri,2001-04-06,Australian,http://en.wikipedia.org/wiki/Oscar_Piastri,drivers.csv
858,sargeant,2,SAR,Logan,Sargeant,2000-12-31,American,http://en.wikipedia.org/wiki/Logan_Sargeant,drivers.csv
